Workbook

Sheet Read me
A1: Leap Auto Parts: master parts catalog (version 2: one-word categories)
A3: What this is
A4: A complete list of the parts of a car in the column order of your Categories sheet (English block, Arabic block, Chinese block) with the English WEIGHT column added. It covers combustion, hybrid, range-extender and electric cars. Counts are on 'Categories' and 'Checks'.
A6: The naming rules (checked automatically on the 'Checks' sheet)
A7: Main category: ONE word. Sub-category: 1 to 3 words. Part name: 1 to 5 words, always starting with its sub-category: the sub-category plus a position (Brake Pad Set - Front) or, for fluids and chemicals, plus a pack size (Engine Oil 4 L).
A8: Bracket text is never part of a name: an alias such as (DPF) or (Sway Bar) is in the Search Keywords columns (English, Arabic, Chinese), together with the longer original name where a name was shortened.
A10: The sheets
A11: Catalog: one row per part name (the format you asked for). Length, width, height, weight, applies-to, shipping notes and keywords are looked up from 'Part types'; the Arabic and Chinese measurement columns copy the English ones.
A12: Part types: the MASTER list, one row per part (a pack size is a separate row, with its own size). The sheet to edit, and the one a category import for the marketplace would read.
A13: Categories, Positions, Placements, Size scale: the lists the catalog uses, with live counts. Checks: automatic tests (all should say PASS).
A15: Where to edit (legend)
A16: Change a size or weight: 'Part types', columns Length, Width, Height, Weight. Change it ONCE; the Catalog follows. Then change 'Size Basis' to "Measured".
... A35: 8. Not covered yet: motorcycles, trucks and buses, agricultural vehicles, brand-specific parts.

Sheet Catalog
A1: SKU / الرمز / SKU | B1: Main Category | C1: Sub Category | D1: Part Name | E1: Position | F1: Placement | G1: Length (cm) | H1: Width (cm) | I1: Height (cm) | J1: Weight (kg) | K1: التصنيف الرئيسي | L1: التصنيف الفرعي | M1: اسم القطعة | N1: الجهة | O1: مكان التركيب | P1: الطول (سم) | Q1: العرض (سم) | R1: الارتفاع (سم) | S1: الوزن (كجم) | T1: 主类别 | U1: 子类别 | V1: 零件名称 | W1: 位置 | X1: 安装位置 | Y1: 长度 (厘米) | Z1: 宽度 (厘米) | AA1: 高度 (厘米) | AB1: 重量 (公斤) | AC1: Main Category Code | AD1: Sub Category Code | AE1: Applies To | AF1: Special Shipping | AG1: Size Basis | AH1: Search Keywords (English) | AI1: Search Keywords (Arabic) | AJ1: Search Keywords (Chinese) | AK1: Master Row (helper)
A2: SKU1000 | B2: Engine | C2: Engine Assembly | D2: =C2&" - "&E2 -> Engine Assembly - Universal | E2: Universal | F2: Engine Bay | G2: =IF($AK2=0,"",INDEX('Part types'!$P:$P,$AK2)) -> 110 | H2: =IF($AK2=0,"",INDEX('Part types'!$Q:$Q,$AK2)) -> 75 | I2: =IF($AK2=0,"",INDEX('Part types'!$R:$R,$AK2)) -> 75 | J2: =IF($AK2=0,"",INDEX('Part types'!$S:$S,$AK2)) -> 150 | K2: المحرك | L2: محرك كامل | M2: =L2&" - "&N2 -> محرك كامل - عام | N2: عام | O2: حجرة المحرك | P2: =G2 -> 110 | Q2: =H2 -> 75 | R2: =I2 -> 75 | S2: =J2 -> 150 | T2: 发动机 | U2: 发动机总成 | V2: =U2&" - "&W2 -> 发动机总成 - 通用 | W2: 通用 | X2: 发动机舱 | Y2: =G2 -> 110 | Z2: =H2 -> 75 | AA2: =I2 -> 75 | AB2: =J2 -> 150 | AC2: ENG | AD2: ENG-001 | AE2: =IF($AK2=0,"",INDEX('Part types'!$T:$T,$AK2)&"") -> Combustion engine (petrol, diesel, hybrid, range extender) | AF2: =IF($AK2=0,"",INDEX('Part types'!$U:$U,$AK2)&"") -> Heavy (over 30 kg) | AG2: =IF($AK2=0,"",INDEX('Part types'!$V:$V,$AK2)&"") -> Estimate: item-specific | AH2: =IF($AK2=0,"",INDEX('Part types'!$W:$W,$AK2)&"") -> Complete | AI2: =IF($AK2=0,"",INDEX('Part types'!$X:$X,$AK2)&"") | AJ2: =IF($AK2=0,"",INDEX('Part types'!$Y:$Y,$AK2)&"") | AK2: =IFERROR(MATCH($AD2,'Part types'!$E:$E,0),0) -> 2
A3: SKU1001 | B3: Engine | C3: Short Block | D3: =C3&" - "&E3 -> Short Block - Universal | E3: Universal | F3: Engine Bay | G3: =IF($AK3=0,"",INDEX('Part types'!$P:$P,$AK3)) -> 80 | H3: =IF($AK3=0,"",INDEX('Part types'!$Q:$Q,$AK3)) -> 60 | I3: =IF($AK3=0,"",INDEX('Part types'!$R:$R,$AK3)) -> 60 | J3: =IF($AK3=0,"",INDEX('Part types'!$S:$S,$AK3)) -> 80 | K3: المحرك | L3: هيكل المحرك | M3: =L3&" - "&N3 -> هيكل المحرك - عام | N3: عام | O3: حجرة المحرك | P3: =G3 -> 80 | Q3: =H3 -> 60 | R3: =I3 -> 60 | S3: =J3 -> 80 | T3: 发动机 | U3: 发动机短缸体总成 | V3: =U3&" - "&W3 -> 发动机短缸体总成 - 通用 | W3: 通用 | X3: 发动机舱 | Y3: =G3 -> 80 | Z3: =H3 -> 60 | AA3: =I3 -> 60 | AB3: =J3 -> 80 | AC3: ENG | AD3: ENG-002 | AE3: =IF($AK3=0,"",INDEX('Part types'!$T:$T,$AK3)&"") -> Combustion engine (petrol, diesel, hybrid, range extender) | AF3: =IF($AK3=0,"",INDEX('Part types'!$U:$U,$AK3)&"") -> Heavy (over 30 kg) | AG3: =IF($AK3=0,"",INDEX('Part types'!$V:$V,$AK3)&"") -> Estimate: item-specific | AH3: =IF($AK3=0,"",INDEX('Part types'!$W:$W,$AK3)&"") | AI3: =IF($AK3=0,"",INDEX('Part types'!$X:$X,$AK3)&"") -> شورت بلوك | AJ3: =IF($AK3=0,"",INDEX('Part types'!$Y:$Y,$AK3)&"") | AK3: =IFERROR(MATCH($AD3,'Part types'!$E:$E,0),0) -> 3
A4: SKU1002 | B4: Engine | C4: Cylinder Block | D4: =C4&" - "&E4 -> Cylinder Block - Universal | E4: Universal | F4: Engine Block | G4: =IF($AK4=0,"",INDEX('Part types'!$P:$P,$AK4)) -> 60 | H4: =IF($AK4=0,"",INDEX('Part types'!$Q:$Q,$AK4)) -> 45 | I4: =IF($AK4=0,"",INDEX('Part types'!$R:$R,$AK4)) -> 40 | J4: =IF($AK4=0,"",INDEX('Part types'!$S:$S,$AK4)) -> 35 | K4: المحرك | L4: كتلة الأسطوانات | M4: =L4&" - "&N4 -> كتلة الأسطوانات - عام | N4: عام | O4: كتلة المحرك | P4: =G4 -> 60 | Q4: =H4 -> 45 | R4: =I4 -> 40 | S4: =J4 -> 35 | T4: 发动机 | U4: 气缸体 | V4: =U4&" - "&W4 -> 气缸体 - 通用 | W4: 通用 | X4: 缸体 | Y4: =G4 -> 60 | Z4: =H4 -> 45 | AA4: =I4 -> 40 | AB4: =J4 -> 35 | AC4: ENG | AD4: ENG-003 | AE4: =IF($AK4=0,"",INDEX('Part types'!$T:$T,$AK4)&"") -> Combustion engine (petrol, diesel, hybrid, range extender) | AF4: =IF($AK4=0,"",INDEX('Part types'!$U:$U,$AK4)&"") -> Heavy (over 30 kg) | AG4: =IF($AK4=0,"",INDEX('Part types'!$V:$V,$AK4)&"") -> Estimate: item-specific | AH4: =IF($AK4=0,"",INDEX('Part types'!$W:$W,$AK4)&"") | AI4: =IF($AK4=0,"",INDEX('Part types'!$X:$X,$AK4)&"") | AJ4: =IF($AK4=0,"",INDEX('Part types'!$Y:$Y,$AK4)&"") | AK4: =IFERROR(MATCH($AD4,'Part types'!$E:$E,0),0) -> 4
A5: SKU1003 | B5: Engine | C5: Cylinder Head | D5: =C5&" - "&E5 -> Cylinder Head - Universal | E5: Universal | F5: Cylinder Head | G5: =IF($AK5=0,"",INDEX('Part types'!$P:$P,$AK5)) -> 60 | H5: =IF($AK5=0,"",INDEX('Part types'!$Q:$Q,$AK5)) -> 30 | I5: =IF($AK5=0,"",INDEX('Part types'!$R:$R,$AK5)) -> 25 | J5: =IF($AK5=0,"",INDEX('Part types'!$S:$S,$AK5)) -> 18 | K5: المحرك | L5: رأس الأسطوانات | M5: =L5&" - "&N5 -> رأس الأسطوانات - عام | N5: عام | O5: رأس الأسطوانات | P5: =G5 -> 60 | Q5: =H5 -> 30 | R5: =I5 -> 25 | S5: =J5 -> 18 | T5: 发动机 | U5: 气缸盖 | V5: =U5&" - "&W5 -> 气缸盖 - 通用 | W5: 通用 | X5: 气缸盖 | Y5: =G5 -> 60 | Z5: =H5 -> 30 | AA5: =I5 -> 25 | AB5: =J5 -> 18 | AC5: ENG | AD5: ENG-004 | AE5: =IF($AK5=0,"",INDEX('Part types'!$T:$T,$AK5)&"") -> Combustion engine (petrol, diesel, hybrid, range extender) | AF5: =IF($AK5=0,"",INDEX('Part types'!$U:$U,$AK5)&"") | AG5: =IF($AK5=0,"",INDEX('Part types'!$V:$V,$AK5)&"") -> Estimate: item-specific | AH5: =IF($AK5=0,"",INDEX('Part types'!$W:$W,$AK5)&"") | AI5: =IF($AK5=0,"",INDEX('Part types'!$X:$X,$AK5)&"") | AJ5: =IF($AK5=0,"",INDEX('Part types'!$Y:$Y,$AK5)&"") | AK5: =IFERROR(MATCH($AD5,'Part types'!$E:$E,0),0) -> 5
A6: SKU1004 | B6: Engine | C6: Cylinder Head Gasket | D6: =C6&" - "&E6 -> Cylinder Head Gasket - Universal | E6: Universal | F6: Cylinder Head | G6: =IF($AK6=0,"",INDEX('Part types'!$P:$P,$AK6)) -> 50 | H6: =IF($AK6=0,"",INDEX('Part types'!$Q:$Q,$AK6)) -> 30 | I6: =IF($AK6=0,"",INDEX('Part types'!$R:$R,$AK6)) -> 3 | J6: =IF($AK6=0,"",INDEX('Part types'!$S:$S,$AK6)) -> 0.4 | K6: المحرك | L6: جوان رأس الأسطوانات | M6: =L6&" - "&N6 -> جوان رأس الأسطوانات - عام | N6: عام | O6: رأس الأسطوانات | P6: =G6 -> 50 | Q6: =H6 -> 30 | R6: =I6 -> 3 | S6: =J6 -> 0.4 | T6: 发动机 | U6: 气缸垫 | V6: =U6&" - "&W6 -> 气缸垫 - 通用 | W6: 通用 | X6: 气缸盖 | Y6: =G6 -> 50 | Z6: =H6 -> 30 | AA6: =I6 -> 3 | AB6: =J6 -> 0.4 | AC6: ENG | AD6: ENG-005 | AE6: =IF($AK6=0,"",INDEX('Part types'!$T:$T,$AK6)&"") -> Combustion engine (petrol, diesel, hybrid, range extender) | AF6: =IF($AK6=0,"",INDEX('Part types'!$U:$U,$AK6)&"") | AG6: =IF($AK6=0,"",INDEX('Part types'!$V:$V,$AK6)&"") -> Estimate: item-specific | AH6: =IF($AK6=0,"",INDEX('Part types'!$W:$W,$AK6)&"") | AI6: =IF($AK6=0,"",INDEX('Part types'!$X:$X,$AK6)&"") | AJ6: =IF($AK6=0,"",INDEX('Part types'!$Y:$Y,$AK6)&"") | AK6: =IFERROR(MATCH($AD6,'Part types'!$E:$E,0),0) -> 6
A7: SKU1005 | B7: Engine | C7: Head Bolt Set | D7: =C7&" - "&E7 -> Head Bolt Set - Universal | E7: Universal | F7: Cylinder Head | G7: =IF($AK7=0,"",INDEX('Part types'!$P:$P,$AK7)) -> 25 | H7: =IF($AK7=0,"",INDEX('Part types'!$Q:$Q,$AK7)) -> 15 | I7: =IF($AK7=0,"",INDEX('Part types'!$R:$R,$AK7)) -> 10 | J7: =IF($AK7=0,"",INDEX('Part types'!$S:$S,$AK7)) -> 0.9 | K7: المحرك | L7: طقم براغي رأس الأسطوانات | M7: =L7&" - "&N7 -> طقم براغي رأس الأسطوانات - عام | N7: عام | O7: رأس الأسطوانات | P7: =G7 -> 25 | Q7: =H7 -> 15 | R7: =I7 -> 10 | S7: =J7 -> 0.9 | T7: 发动机 | U7: 缸盖螺栓套装 | V7: =U7&" - "&W7 -> 缸盖螺栓套装 - 通用 | W7: 通用 | X7: 气缸盖 | Y7: =G7 -> 25 | Z7: =H7 -> 15 | AA7: =I7 -> 10 | AB7: =J7 -> 0.9 | AC7: ENG | AD7: ENG-006 | AE7: =IF($AK7=0,"",INDEX('Part types'!$T:$T,$AK7)&"") -> Combustion engine (petrol, diesel, hybrid, range extender) | AF7: =IF($AK7=0,"",INDEX('Part types'!$U:$U,$AK7)&"") | AG7: =IF($AK7=0,"",INDEX('Part types'!$V:$V,$AK7)&"") -> Estimate: size class M | AH7: =IF($AK7=0,"",INDEX('Part types'!$W:$W,$AK7)&"") -> Cylinder Head Bolt Set | AI7: =IF($AK7=0,"",INDEX('Part types'!$X:$X,$AK7)&"") | AJ7: =IF($AK7=0,"",INDEX('Part types'!$Y:$Y,$AK7)&"") | AK7: =IFERROR(MATCH($AD7,'Part types'!$E:$E,0),0) -> 7
A8: SKU1006 | B8: Engine | C8: Valve Cover | D8: =C8&" - "&E8 -> Valve Cover - Universal | E8: Universal | F8: Engine Top | G8: =IF($AK8=0,"",INDEX('Part types'!$P:$P,$AK8)) -> 40 | H8: =IF($AK8=0,"",INDEX('Part types'!$Q:$Q,$AK8)) -> 25 | I8: =IF($AK8=0,"",INDEX('Part types'!$R:$R,$AK8)) -> 15 | J8: =IF($AK8=0,"",INDEX('Part types'!$S:$S,$AK8)) -> 3 | K8: المحرك | L8: غطاء الصمامات | M8: =L8&" - "&N8 -> غطاء الصمامات - عام | N8: عام | O8: أعلى المحرك | P8: =G8 -> 40 | Q8: =H8 -> 25 | R8: =I8 -> 15 | S8: =J8 -> 3 | T8: 发动机 | U8: 气门室盖 | V8: =U8&" - "&W8 -> 气门室盖 - 通用 | W8: 通用 | X8: 发动机顶部 | Y8: =G8 -> 40 | Z8: =H8 -> 25 | AA8: =I8 -> 15 | AB8: =J8 -> 3 | AC8: ENG | AD8: ENG-007 | AE8: =IF($AK8=0,"",INDEX('Part types'!$T:$T,$AK8)&"") -> Combustion engine (petrol, diesel, hybrid, range extender) | AF8: =IF($AK8=0,"",INDEX('Part types'!$U:$U,$AK8)&"") | AG8: =IF($AK8=0,"",INDEX('Part types'!$V:$V,$AK8)&"") -> Estimate: size class L | AH8: =IF($AK8=0,"",INDEX('Part types'!$W:$W,$AK8)&"") | AI8: =IF($AK8=0,"",INDEX('Part types'!$X:$X,$AK8)&"") | AJ8: =IF($AK8=0,"",INDEX('Part types'!$Y:$Y,$AK8)&"") | AK8: =IFERROR(MATCH($AD8,'Part types'!$E:$E,0),0) -> 8
A9: SKU1007 | B9: Engine | C9: Valve Cover Gasket | D9: =C9&" - "&E9 -> Valve Cover Gasket - Universal | E9: Universal | F9: Engine Top | G9: =IF($AK9=0,"",INDEX('Part types'!$P:$P,$AK9)) -> 15 | H9: =IF($AK9=0,"",INDEX('Part types'!$Q:$Q,$AK9)) -> 10 | I9: =IF($AK9=0,"",INDEX('Part types'!$R:$R,$AK9)) -> 8 | J9: =IF($AK9=0,"",INDEX('Part types'!$S:$S,$AK9)) -> 0.3 | K9: المحرك | L9: جوان غطاء الصمامات | M9: =L9&" - "&N9 -> جوان غطاء الصمامات - عام | N9: عام | O9: أعلى المحرك | P9: =G9 -> 15 | Q9: =H9 -> 10 | R9: =I9 -> 8 | S9: =J9 -> 0.3 | T9: 发动机 | U9: 气门室盖垫 | V9: =U9&" - "&W9 -> 气门室盖垫 - 通用 | W9: 通用 | X9: 发动机顶部 | Y9: =G9 -> 15 | Z9: =H9 -> 10 | AA9: =I9 -> 8 | AB9: =J9 -> 0.3 | AC9: ENG | AD9: ENG-008 | AE9: =IF($AK9=0,"",INDEX('Part types'!$T:$T,$AK9)&"") -> Combustion engine (petrol, diesel, hybrid, range extender) | AF9: =IF($AK9=0,"",INDEX('Part types'!$U:$U,$AK9)&"") | AG9: =IF($AK9=0,"",INDEX('Part types'!$V:$V,$AK9)&"") -> Estimate: size class S | AH9: =IF($AK9=0,"",INDEX('Part types'!$W:$W,$AK9)&"") | AI9: =IF($AK9=0,"",INDEX('Part types'!$X:$X,$AK9)&"") | AJ9: =IF($AK9=0,"",INDEX('Part types'!$Y:$Y,$AK9)&"") | AK9: =IFERROR(MATCH($AD9,'Part types'!$E:$E,0),0) -> 9
A10: SKU1008 | B10: Engine | C10: Piston | D10: =C10&" - "&E10 -> Piston - Universal | E10: Universal | F10: Engine Internal | G10: =IF($AK10=0,"",INDEX('Part types'!$P:$P,$AK10)) -> 10 | H10: =IF($AK10=0,"",INDEX('Part types'!$Q:$Q,$AK10)) -> 8 | I10: =IF($AK10=0,"",INDEX('Part types'!$R:$R,$AK10)) -> 6 | J10: =IF($AK10=0,"",INDEX('Part types'!$S:$S,$AK10)) -> 0.1 | K10: المحرك | L10: مكبس | M10: =L10&" - "&N10 -> مكبس - عام | N10: عام | O10: داخل المحرك | P10: =G10 -> 10 | Q10: =H10 -> 8 | R10: =I10 -> 6 | S10: =J10 -> 0.1 | T10: 发动机 | U10: 活塞 | V10: =U10&" - "&W10 -> 活塞 - 通用 | W10: 通用 | X10: 发动机内部 | Y10: =G10 -> 10 | Z10: =H10 -> 8 | AA10: =I10 -> 6 | AB10: =J10 -> 0.1 | AC10: ENG | AD10: ENG-009 | AE10: =IF($AK10=0,"",INDEX('Part types'!$T:$T,$AK10)&"") -> Combustion engine (petrol, diesel, hybrid, range extender) | AF10: =IF($AK10=0,"",INDEX('Part types'!$U:$U,$AK10)&"") | AG10: =IF($AK10=0,"",INDEX('Part types'!$V:$V,$AK10)&"") -> Estimate: size class XS | AH10: =IF($AK10=0,"",INDEX('Part types'!$W:$W,$AK10)&"") | AI10: =IF($AK10=0,"",INDEX('Part types'!$X:$X,$AK10)&"") -> بستم | AJ10: =IF($AK10=0,"",INDEX('Part types'!$Y:$Y,$AK10)&"") | AK10: =IFERROR(MATCH($AD10,'Part types'!$E:$E,0),0) -> 10
A11: SKU1009 | B11: Engine | C11: Piston Ring Set | D11: =C11&" - "&E11 -> Piston Ring Set - Universal | E11: Universal | F11: Engine Internal | G11: =IF($AK11=0,"",INDEX('Part types'!$P:$P,$AK11)) -> 15 | H11: =IF($AK11=0,"",INDEX('Part types'!$Q:$Q,$AK11)) -> 10 | I11: =IF($AK11=0,"",INDEX('Part types'!$R:$R,$AK11)) -> 8 | J11: =IF($AK11=0,"",INDEX('Part types'!$S:$S,$AK11)) -> 0.3 | K11: المحرك | L11: طقم شنابر المكبس | M11: =L11&" - "&N11 -> طقم شنابر المكبس - عام | N11: عام | O11: داخل المحرك | P11: =G11 -> 15 | Q11: =H11 -> 10 | R11: =I11 -> 8 | S11: =J11 -> 0.3 | T11: 发动机 | U11: 活塞环套装 | V11: =U11&" - "&W11 -> 活塞环套装 - 通用 | W11: 通用 | X11: 发动机内部 | Y11: =G11 -> 15 | Z11: =H11 -> 10 | AA11: =I11 -> 8 | AB11: =J11 -> 0.3 | AC11: ENG | AD11: ENG-010 | AE11: =IF($AK11=0,"",INDEX('Part types'!$T:$T,$AK11)&"") -> Combustion engine (petrol, diesel, hybrid, range extender) | AF11: =IF($AK11=0,"",INDEX('Part types'!$U:$U,$AK11)&"") | AG11: =IF($AK11=0,"",INDEX('Part types'!$V:$V,$AK11)&"") -> Estimate: size class S | AH11: =IF($AK11=0,"",INDEX('Part types'!$W:$W,$AK11)&"") | AI11: =IF($AK11=0,"",INDEX('Part types'!$X:$X,$AK11)&"") | AJ11: =IF($AK11=0,"",INDEX('Part types'!$Y:$Y,$AK11)&"") | AK11: =IFERROR(MATCH($AD11,'Part types'!$E:$E,0),0) -> 11
A12: SKU1010 | B12: Engine | C12: Piston Pin | D12: =C12&" - "&E12 -> Piston Pin - Universal | E12: Universal | F12: Engine Internal | G12: =IF($AK12=0,"",INDEX('Part types'!$P:$P,$AK12)) -> 10 | H12: =IF($AK12=0,"",INDEX('Part types'!$Q:$Q,$AK12)) -> 8 | I12: =IF($AK12=0,"",INDEX('Part types'!$R:$R,$AK12)) -> 6 | J12: =IF($AK12=0,"",INDEX('Part types'!$S:$S,$AK12)) -> 0.1 | K12: المحرك | L12: مسمار المكبس | M12: =L12&" - "&N12 -> مسمار المكبس - عام | N12: عام | O12: داخل المحرك | P12: =G12 -> 10 | Q12: =H12 -> 8 | R12: =I12 -> 6 | S12: =J12 -> 0.1 | T12: 发动机 | U12: 活塞销 | V12: =U12&" - "&W12 -> 活塞销 - 通用 | W12: 通用 | X12: 发动机内部 | Y12: =G12 -> 10 | Z12: =H12 -> 8 | AA12: =I12 -> 6 | AB12: =J12 -> 0.1 | AC12: ENG | AD12: ENG-011 | AE12: =IF($AK12=0,"",INDEX('Part types'!$T:$T,$AK12)&"") -> Combustion engine (petrol, diesel, hybrid, range extender) | AF12: =IF($AK12=0,"",INDEX('Part types'!$U:$U,$AK12)&"") | AG12: =IF($AK12=0,"",INDEX('Part types'!$V:$V,$AK12)&"") -> Estimate: size class XS | AH12: =IF($AK12=0,"",INDEX('Part types'!$W:$W,$AK12)&"") | AI12: =IF($AK12=0,"",INDEX('Part types'!$X:$X,$AK12)&"") | AJ12: =IF($AK12=0,"",INDEX('Part types'!$Y:$Y,$AK12)&"") | AK12: =IFERROR(MATCH($AD12,'Part types'!$E:$E,0),0) -> 12
A13: SKU1011 | B13: Engine | C13: Connecting Rod | D13: =C13&" - "&E13 -> Connecting Rod - Universal | E13: Universal | F13: Engine Internal | G13: =IF($AK13=0,"",INDEX('Part types'!$P:$P,$AK13)) -> 15 | H13: =IF($AK13=0,"",INDEX('Part types'!$Q:$Q,$AK13)) -> 10 | I13: =IF($AK13=0,"",INDEX('Part types'!$R:$R,$AK13)) -> 8 | J13: =IF($AK13=0,"",INDEX('Part types'!$S:$S,$AK13)) -> 0.3 | K13: المحرك | L13: ذراع التوصيل | M13: =L13&" - "&N13 -> ذراع التوصيل - عام | N13: عام | O13: داخل المحرك | P13: =G13 -> 15 | Q13: =H13 -> 10 | R13: =I13 -> 8 | S13: =J13 -> 0.3 | T13: 发动机 | U13: 连杆 | V13: =U13&" - "&W13 -> 连杆 - 通用 | W13: 通用 | X13: 发动机内部 | Y13: =G13 -> 15 | Z13: =H13 -> 10 | AA13: =I13 -> 8 | AB13: =J13 -> 0.3 | AC13: ENG | AD13: ENG-012 | AE13: =IF($AK13=0,"",INDEX('Part types'!$T:$T,$AK13)&"") -> Combustion engine (petrol, diesel, hybrid, range extender) | AF13: =IF($AK13=0,"",INDEX('Part types'!$U:$U,$AK13)&"") | AG13: =IF($AK13=0,"",INDEX('Part types'!$V:$V,$AK13)&"") -> Estimate: size class S | AH13: =IF($AK13=0,"",INDEX('Part types'!$W:$W,$AK13)&"") | AI13: =IF($AK13=0,"",INDEX('Part types'!$X:$X,$AK13)&"") -> البيل | AJ13: =IF($AK13=0,"",INDEX('Part types'!$Y:$Y,$AK13)&"") | AK13: =IFERROR(MATCH($AD13,'Part types'!$E:$E,0),0) -> 13
... A161: SKU1159 | B161: Filters | C161: Battery Coolant Filter | D161: =C161&" - "&E161 -> Battery Coolant Filter - Universal | E161: Universal | F161: HV Battery Pack | G161: =IF($AK161=0,"",INDEX('Part types'!$P:$P,$AK161)) -> 15 | H161: =IF($AK161=0,"",INDEX('Part types'!$Q:$Q,$AK161)) -> 10 | I161: =IF($AK161=0,"",INDEX('Part types'!$R:$R,$AK161)) -> 8 | J161: =IF($AK161=0,"",INDEX('Part types'!$S:$S,$AK161)) -> 0.3 | K161: الفلاتر | L161: فلتر سائل تبريد البطارية | M161: =L161&" - "&N161 -> فلتر سائل تبريد البطارية - عام | N161: عام | O161: حزمة بطارية الجهد العالي | P161: =G161 -> 15 | Q161: =H161 -> 10 | R161: =I161 -> 8 | S161: =J161 -> 0.3 | T161: 滤清器 | U161: 电池冷却液滤清器 | V161: =U161&" - "&W161 -> 电池冷却液滤清器 - 通用 | W161: 通用 | X161: 高压电池包 | Y161: =G161 -> 15 | Z161: =H161 -> 10 | AA161: =I161 -> 8 | AB161: =J161 -> 0.3 | AC161: FLT | AD161: FLT-013 | AE161: =IF($AK161=0,"",INDEX('Part types'!$T:$T,$AK161)&"") -> Electrified (hybrid, plug-in, range extender, EV) | AF161: =IF($AK161=0,"",INDEX('Part types'!$U:$U,$AK161)&"") | AG161: =IF($AK161=0,"",INDEX('Part types'!$V:$V,$AK161)&"") -> Estimate: size class S | AH161: =IF($AK161=0,"",INDEX('Part types'!$W:$W,$AK161)&"") | AI161: =IF($AK161=0,"",INDEX('Part types'!$X:$X,$AK161)&"") | AJ161: =IF($AK161=0,"",INDEX('Part types'!$Y:$Y,$AK161)&"") | AK161: =IFERROR(MATCH($AD161,'Part types'!$E:$E,0),0) -> 155
A162: SKU1160 | B162: Fluids | C162: Engine Oil | D162: =C162&" "&INDEX('Part types'!$I:$I,$AK162) -> Engine Oil 1 L | E162: Universal | F162: Universal Fit | G162: =IF($AK162=0,"",INDEX('Part types'!$P:$P,$AK162)) -> 10 | H162: =IF($AK162=0,"",INDEX('Part types'!$Q:$Q,$AK162)) -> 8 | I162: =IF($AK162=0,"",INDEX('Part types'!$R:$R,$AK162)) -> 24 | J162: =IF($AK162=0,"",INDEX('Part types'!$S:$S,$AK162)) -> 0.95 | K162: السوائل | L162: زيت محرك | M162: =L162&" "&INDEX('Part types'!$J:$J,$AK162) -> زيت محرك 1 لتر | N162: عام | O162: تركيب عام | P162: =G162 -> 10 | Q162: =H162 -> 8 | R162: =I162 -> 24 | S162: =J162 -> 0.95 | T162: 油液 | U162: 发动机机油 | V162: =U162&" "&INDEX('Part types'!$K:$K,$AK162) -> 发动机机油 1升 | W162: 通用 | X162: 通用安装 | Y162: =G162 -> 10 | Z162: =H162 -> 8 | AA162: =I162 -> 24 | AB162: =J162 -> 0.95 | AC162: FLD | AD162: FLD-001 | AE162: =IF($AK162=0,"",INDEX('Part types'!$T:$T,$AK162)&"") -> Combustion engine (petrol, diesel, hybrid, range extender) | AF162: =IF($AK162=0,"",INDEX('Part types'!$U:$U,$AK162)&"") -> Liquid / flammable | AG162: =IF($AK162=0,"",INDEX('Part types'!$V:$V,$AK162)&"") -> Estimate: item-specific | AH162: =IF($AK162=0,"",INDEX('Part types'!$W:$W,$AK162)&"") | AI162: =IF($AK162=0,"",INDEX('Part types'!$X:$X,$AK162)&"") | AJ162: =IF($AK162=0,"",INDEX('Part types'!$Y:$Y,$AK162)&"") | AK162: =IFERROR(MATCH($AD162,'Part types'!$E:$E,0),0) -> 156
A163: SKU1161 | B163: Fluids | C163: Engine Oil | D163: =C163&" "&INDEX('Part types'!$I:$I,$AK163) -> Engine Oil 4 L | E163: Universal | F163: Universal Fit | G163: =IF($AK163=0,"",INDEX('Part types'!$P:$P,$AK163)) -> 20 | H163: =IF($AK163=0,"",INDEX('Part types'!$Q:$Q,$AK163)) -> 12 | I163: =IF($AK163=0,"",INDEX('Part types'!$R:$R,$AK163)) -> 28 | J163: =IF($AK163=0,"",INDEX('Part types'!$S:$S,$AK163)) -> 3.7 | K163: السوائل | L163: زيت محرك | M163: =L163&" "&INDEX('Part types'!$J:$J,$AK163) -> زيت محرك 4 لتر | N163: عام | O163: تركيب عام | P163: =G163 -> 20 | Q163: =H163 -> 12 | R163: =I163 -> 28 | S163: =J163 -> 3.7 | T163: 油液 | U163: 发动机机油 | V163: =U163&" "&INDEX('Part types'!$K:$K,$AK163) -> 发动机机油 4升 | W163: 通用 | X163: 通用安装 | Y163: =G163 -> 20 | Z163: =H163 -> 12 | AA163: =I163 -> 28 | AB163: =J163 -> 3.7 | AC163: FLD | AD163: FLD-002 | AE163: =IF($AK163=0,"",INDEX('Part types'!$T:$T,$AK163)&"") -> Combustion engine (petrol, diesel, hybrid, range extender) | AF163: =IF($AK163=0,"",INDEX('Part types'!$U:$U,$AK163)&"") -> Liquid / flammable | AG163: =IF($AK163=0,"",INDEX('Part types'!$V:$V,$AK163)&"") -> Estimate: item-specific | AH163: =IF($AK163=0,"",INDEX('Part types'!$W:$W,$AK163)&"") | AI163: =IF($AK163=0,"",INDEX('Part types'!$X:$X,$AK163)&"") | AJ163: =IF($AK163=0,"",INDEX('Part types'!$Y:$Y,$AK163)&"") | AK163: =IFERROR(MATCH($AD163,'Part types'!$E:$E,0),0) -> 157
A164: SKU1162 | B164: Fluids | C164: Engine Oil | D164: =C164&" "&INDEX('Part types'!$I:$I,$AK164) -> Engine Oil 5 L | E164: Universal | F164: Universal Fit | G164: =IF($AK164=0,"",INDEX('Part types'!$P:$P,$AK164)) -> 22 | H164: =IF($AK164=0,"",INDEX('Part types'!$Q:$Q,$AK164)) -> 14 | I164: =IF($AK164=0,"",INDEX('Part types'!$R:$R,$AK164)) -> 28 | J164: =IF($AK164=0,"",INDEX('Part types'!$S:$S,$AK164)) -> 4.6 | K164: السوائل | L164: زيت محرك | M164: =L164&" "&INDEX('Part types'!$J:$J,$AK164) -> زيت محرك 5 لتر | N164: عام | O164: تركيب عام | P164: =G164 -> 22 | Q164: =H164 -> 14 | R164: =I164 -> 28 | S164: =J164 -> 4.6 | T164: 油液 | U164: 发动机机油 | V164: =U164&" "&INDEX('Part types'!$K:$K,$AK164) -> 发动机机油 5升 | W164: 通用 | X164: 通用安装 | Y164: =G164 -> 22 | Z164: =H164 -> 14 | AA164: =I164 -> 28 | AB164: =J164 -> 4.6 | AC164: FLD | AD164: FLD-003 | AE164: =IF($AK164=0,"",INDEX('Part types'!$T:$T,$AK164)&"") -> Combustion engine (petrol, diesel, hybrid, range extender) | AF164: =IF($AK164=0,"",INDEX('Part types'!$U:$U,$AK164)&"") -> Liquid / flammable | AG164: =IF($AK164=0,"",INDEX('Part types'!$V:$V,$AK164)&"") -> Estimate: item-specific | AH164: =IF($AK164=0,"",INDEX('Part types'!$W:$W,$AK164)&"") | AI164: =IF($AK164=0,"",INDEX('Part types'!$X:$X,$AK164)&"") | AJ164: =IF($AK164=0,"",INDEX('Part types'!$Y:$Y,$AK164)&"") | AK164: =IFERROR(MATCH($AD164,'Part types'!$E:$E,0),0) -> 158
A165: SKU1163 | B165: Fluids | C165: Automatic Transmission Fluid | D165: =C165&" "&INDEX('Part types'!$I:$I,$AK165) -> Automatic Transmission Fluid 1 L | E165: Universal | F165: Universal Fit | G165: =IF($AK165=0,"",INDEX('Part types'!$P:$P,$AK165)) -> 10 | H165: =IF($AK165=0,"",INDEX('Part types'!$Q:$Q,$AK165)) -> 8 | I165: =IF($AK165=0,"",INDEX('Part types'!$R:$R,$AK165)) -> 24 | J165: =IF($AK165=0,"",INDEX('Part types'!$S:$S,$AK165)) -> 0.95 | K165: السوائل | L165: زيت ناقل حركة أوتوماتيك | M165: =L165&" "&INDEX('Part types'!$J:$J,$AK165) -> زيت ناقل حركة أوتوماتيك 1 لتر | N165: عام | O165: تركيب عام | P165: =G165 -> 10 | Q165: =H165 -> 8 | R165: =I165 -> 24 | S165: =J165 -> 0.95 | T165: 油液 | U165: 自动变速箱油 | V165: =U165&" "&INDEX('Part types'!$K:$K,$AK165) -> 自动变速箱油 1升 | W165: 通用 | X165: 通用安装 | Y165: =G165 -> 10 | Z165: =H165 -> 8 | AA165: =I165 -> 24 | AB165: =J165 -> 0.95 | AC165: FLD | AD165: FLD-004 | AE165: =IF($AK165=0,"",INDEX('Part types'!$T:$T,$AK165)&"") -> Combustion engine (petrol, diesel, hybrid, range extender) | AF165: =IF($AK165=0,"",INDEX('Part types'!$U:$U,$AK165)&"") -> Liquid / flammable | AG165: =IF($AK165=0,"",INDEX('Part types'!$V:$V,$AK165)&"") -> Estimate: item-specific | AH165: =IF($AK165=0,"",INDEX('Part types'!$W:$W,$AK165)&"") -> Automatic Transmission Fluid ATF | AI165: =IF($AK165=0,"",INDEX('Part types'!$X:$X,$AK165)&"") | AJ165: =IF($AK165=0,"",INDEX('Part types'!$Y:$Y,$AK165)&"") | AK165: =IFERROR(MATCH($AD165,'Part types'!$E:$E,0),0) -> 159
A166: SKU1164 | B166: Fluids | C166: Automatic Transmission Fluid | D166: =C166&" "&INDEX('Part types'!$I:$I,$AK166) -> Automatic Transmission Fluid 4 L | E166: Universal | F166: Universal Fit | G166: =IF($AK166=0,"",INDEX('Part types'!$P:$P,$AK166)) -> 20 | H166: =IF($AK166=0,"",INDEX('Part types'!$Q:$Q,$AK166)) -> 12 | I166: =IF($AK166=0,"",INDEX('Part types'!$R:$R,$AK166)) -> 28 | J166: =IF($AK166=0,"",INDEX('Part types'!$S:$S,$AK166)) -> 3.7 | K166: السوائل | L166: زيت ناقل حركة أوتوماتيك | M166: =L166&" "&INDEX('Part types'!$J:$J,$AK166) -> زيت ناقل حركة أوتوماتيك 4 لتر | N166: عام | O166: تركيب عام | P166: =G166 -> 20 | Q166: =H166 -> 12 | R166: =I166 -> 28 | S166: =J166 -> 3.7 | T166: 油液 | U166: 自动变速箱油 | V166: =U166&" "&INDEX('Part types'!$K:$K,$AK166) -> 自动变速箱油 4升 | W166: 通用 | X166: 通用安装 | Y166: =G166 -> 20 | Z166: =H166 -> 12 | AA166: =I166 -> 28 | AB166: =J166 -> 3.7 | AC166: FLD | AD166: FLD-005 | AE166: =IF($AK166=0,"",INDEX('Part types'!$T:$T,$AK166)&"") -> Combustion engine (petrol, diesel, hybrid, range extender) | AF166: =IF($AK166=0,"",INDEX('Part types'!$U:$U,$AK166)&"") -> Liquid / flammable | AG166: =IF($AK166=0,"",INDEX('Part types'!$V:$V,$AK166)&"") -> Estimate: item-specific | AH166: =IF($AK166=0,"",INDEX('Part types'!$W:$W,$AK166)&"") -> Automatic Transmission Fluid ATF | AI166: =IF($AK166=0,"",INDEX('Part types'!$X:$X,$AK166)&"") | AJ166: =IF($AK166=0,"",INDEX('Part types'!$Y:$Y,$AK166)&"") | AK166: =IFERROR(MATCH($AD166,'Part types'!$E:$E,0),0) -> 160
A167: SKU1165 | B167: Fluids | C167: CVT Fluid | D167: =C167&" "&INDEX('Part types'!$I:$I,$AK167) -> CVT Fluid 4 L | E167: Universal | F167: Universal Fit | G167: =IF($AK167=0,"",INDEX('Part types'!$P:$P,$AK167)) -> 20 | H167: =IF($AK167=0,"",INDEX('Part types'!$Q:$Q,$AK167)) -> 12 | I167: =IF($AK167=0,"",INDEX('Part types'!$R:$R,$AK167)) -> 28 | J167: =IF($AK167=0,"",INDEX('Part types'!$S:$S,$AK167)) -> 3.7 | K167: السوائل | L167: زيت ناقل حركة CVT | M167: =L167&" "&INDEX('Part types'!$J:$J,$AK167) -> زيت ناقل حركة CVT 4 لتر | N167: عام | O167: تركيب عام | P167: =G167 -> 20 | Q167: =H167 -> 12 | R167: =I167 -> 28 | S167: =J167 -> 3.7 | T167: 油液 | U167: CVT变速箱油 | V167: =U167&" "&INDEX('Part types'!$K:$K,$AK167) -> CVT变速箱油 4升 | W167: 通用 | X167: 通用安装 | Y167: =G167 -> 20 | Z167: =H167 -> 12 | AA167: =I167 -> 28 | AB167: =J167 -> 3.7 | AC167: FLD | AD167: FLD-006 | AE167: =IF($AK167=0,"",INDEX('Part types'!$T:$T,$AK167)&"") -> Combustion engine (petrol, diesel, hybrid, range extender) | AF167: =IF($AK167=0,"",INDEX('Part types'!$U:$U,$AK167)&"") -> Liquid / flammable | AG167: =IF($AK167=0,"",INDEX('Part types'!$V:$V,$AK167)&"") -> Estimate: item-specific | AH167: =IF($AK167=0,"",INDEX('Part types'!$W:$W,$AK167)&"") | AI167: =IF($AK167=0,"",INDEX('Part types'!$X:$X,$AK167)&"") | AJ167: =IF($AK167=0,"",INDEX('Part types'!$Y:$Y,$AK167)&"") | AK167: =IFERROR(MATCH($AD167,'Part types'!$E:$E,0),0) -> 161
A168: SKU1166 | B168: Fluids | C168: Manual Gear Oil | D168: =C168&" "&INDEX('Part types'!$I:$I,$AK168) -> Manual Gear Oil 1 L | E168: Universal | F168: Universal Fit | G168: =IF($AK168=0,"",INDEX('Part types'!$P:$P,$AK168)) -> 10 | H168: =IF($AK168=0,"",INDEX('Part types'!$Q:$Q,$AK168)) -> 8 | I168: =IF($AK168=0,"",INDEX('Part types'!$R:$R,$AK168)) -> 24 | J168: =IF($AK168=0,"",INDEX('Part types'!$S:$S,$AK168)) -> 0.95 | K168: السوائل | L168: زيت قير عادي | M168: =L168&" "&INDEX('Part types'!$J:$J,$AK168) -> زيت قير عادي 1 لتر | N168: عام | O168: تركيب عام | P168: =G168 -> 10 | Q168: =H168 -> 8 | R168: =I168 -> 24 | S168: =J168 -> 0.95 | T168: 油液 | U168: 手动变速箱油 | V168: =U168&" "&INDEX('Part types'!$K:$K,$AK168) -> 手动变速箱油 1升 | W168: 通用 | X168: 通用安装 | Y168: =G168 -> 10 | Z168: =H168 -> 8 | AA168: =I168 -> 24 | AB168: =J168 -> 0.95 | AC168: FLD | AD168: FLD-007 | AE168: =IF($AK168=0,"",INDEX('Part types'!$T:$T,$AK168)&"") -> Combustion engine (petrol, diesel, hybrid, range extender) | AF168: =IF($AK168=0,"",INDEX('Part types'!$U:$U,$AK168)&"") -> Liquid / flammable | AG168: =IF($AK168=0,"",INDEX('Part types'!$V:$V,$AK168)&"") -> Estimate: item-specific | AH168: =IF($AK168=0,"",INDEX('Part types'!$W:$W,$AK168)&"") | AI168: =IF($AK168=0,"",INDEX('Part types'!$X:$X,$AK168)&"") | AJ168: =IF($AK168=0,"",INDEX('Part types'!$Y:$Y,$AK168)&"") | AK168: =IFERROR(MATCH($AD168,'Part types'!$E:$E,0),0) -> 162
A169: SKU1167 | B169: Fluids | C169: Differential Oil | D169: =C169&" "&INDEX('Part types'!$I:$I,$AK169) -> Differential Oil 1 L | E169: Universal | F169: Universal Fit | G169: =IF($AK169=0,"",INDEX('Part types'!$P:$P,$AK169)) -> 10 | H169: =IF($AK169=0,"",INDEX('Part types'!$Q:$Q,$AK169)) -> 8 | I169: =IF($AK169=0,"",INDEX('Part types'!$R:$R,$AK169)) -> 24 | J169: =IF($AK169=0,"",INDEX('Part types'!$S:$S,$AK169)) -> 0.95 | K169: السوائل | L169: زيت الدفرنس | M169: =L169&" "&INDEX('Part types'!$J:$J,$AK169) -> زيت الدفرنس 1 لتر | N169: عام | O169: تركيب عام | P169: =G169 -> 10 | Q169: =H169 -> 8 | R169: =I169 -> 24 | S169: =J169 -> 0.95 | T169: 油液 | U169: 差速器油 | V169: =U169&" "&INDEX('Part types'!$K:$K,$AK169) -> 差速器油 1升 | W169: 通用 | X169: 通用安装 | Y169: =G169 -> 10 | Z169: =H169 -> 8 | AA169: =I169 -> 24 | AB169: =J169 -> 0.95 | AC169: FLD | AD169: FLD-008 | AE169: =IF($AK169=0,"",INDEX('Part types'!$T:$T,$AK169)&"") -> All vehicles | AF169: =IF($AK169=0,"",INDEX('Part types'!$U:$U,$AK169)&"") -> Liquid / flammable | AG169: =IF($AK169=0,"",INDEX('Part types'!$V:$V,$AK169)&"") -> Estimate: item-specific | AH169: =IF($AK169=0,"",INDEX('Part types'!$W:$W,$AK169)&"") -> Differential Gear Oil | AI169: =IF($AK169=0,"",INDEX('Part types'!$X:$X,$AK169)&"") | AJ169: =IF($AK169=0,"",INDEX('Part types'!$Y:$Y,$AK169)&"") | AK169: =IFERROR(MATCH($AD169,'Part types'!$E:$E,0),0) -> 163
A170: SKU1168 | B170: Fluids | C170: EV Gear Oil | D170: =C170&" "&INDEX('Part types'!$I:$I,$AK170) -> EV Gear Oil 1 L | E170: Universal | F170: Universal Fit | G170: =IF($AK170=0,"",INDEX('Part types'!$P:$P,$AK170)) -> 10 | H170: =IF($AK170=0,"",INDEX('Part types'!$Q:$Q,$AK170)) -> 8 | I170: =IF($AK170=0,"",INDEX('Part types'!$R:$R,$AK170)) -> 24 | J170: =IF($AK170=0,"",INDEX('Part types'!$S:$S,$AK170)) -> 0.95 | K170: السوائل | L170: زيت علبة تخفيض السرعة للسيارات الكهربائية | M170: =L170&" "&INDEX('Part types'!$J:$J,$AK170) -> زيت علبة تخفيض السرعة للسيارات الكهربائية 1 لتر | N170: عام | O170: تركيب عام | P170: =G170 -> 10 | Q170: =H170 -> 8 | R170: =I170 -> 24 | S170: =J170 -> 0.95 | T170: 油液 | U170: 电动车减速器油 | V170: =U170&" "&INDEX('Part types'!$K:$K,$AK170) -> 电动车减速器油 1升 | W170: 通用 | X170: 通用安装 | Y170: =G170 -> 10 | Z170: =H170 -> 8 | AA170: =I170 -> 24 | AB170: =J170 -> 0.95 | AC170: FLD | AD170: FLD-009 | AE170: =IF($AK170=0,"",INDEX('Part types'!$T:$T,$AK170)&"") -> Electrified (hybrid, plug-in, range extender, EV) | AF170: =IF($AK170=0,"",INDEX('Part types'!$U:$U,$AK170)&"") -> Liquid / flammable | AG170: =IF($AK170=0,"",INDEX('Part types'!$V:$V,$AK170)&"") -> Estimate: item-specific | AH170: =IF($AK170=0,"",INDEX('Part types'!$W:$W,$AK170)&"") -> Reduction Gear Oil for EV | AI170: =IF($AK170=0,"",INDEX('Part types'!$X:$X,$AK170)&"") | AJ170: =IF($AK170=0,"",INDEX('Part types'!$Y:$Y,$AK170)&"") | AK170: =IFERROR(MATCH($AD170,'Part types'!$E:$E,0),0) -> 164
A171: SKU1169 | B171: Fluids | C171: Brake Fluid | D171: =C171&" "&INDEX('Part types'!$I:$I,$AK171) -> Brake Fluid DOT4 500 ml | E171: Universal | F171: Universal Fit | G171: =IF($AK171=0,"",INDEX('Part types'!$P:$P,$AK171)) -> 8 | H171: =IF($AK171=0,"",INDEX('Part types'!$Q:$Q,$AK171)) -> 8 | I171: =IF($AK171=0,"",INDEX('Part types'!$R:$R,$AK171)) -> 20 | J171: =IF($AK171=0,"",INDEX('Part types'!$S:$S,$AK171)) -> 0.55 | K171: السوائل | L171: زيت فرامل | M171: =L171&" "&INDEX('Part types'!$J:$J,$AK171) -> زيت فرامل DOT4 500 مل | N171: عام | O171: تركيب عام | P171: =G171 -> 8 | Q171: =H171 -> 8 | R171: =I171 -> 20 | S171: =J171 -> 0.55 | T171: 油液 | U171: 制动液 | V171: =U171&" "&INDEX('Part types'!$K:$K,$AK171) -> 制动液 DOT4 500毫升 | W171: 通用 | X171: 通用安装 | Y171: =G171 -> 8 | Z171: =H171 -> 8 | AA171: =I171 -> 20 | AB171: =J171 -> 0.55 | AC171: FLD | AD171: FLD-010 | AE171: =IF($AK171=0,"",INDEX('Part types'!$T:$T,$AK171)&"") -> All vehicles | AF171: =IF($AK171=0,"",INDEX('Part types'!$U:$U,$AK171)&"") -> Liquid / flammable | AG171: =IF($AK171=0,"",INDEX('Part types'!$V:$V,$AK171)&"") -> Estimate: item-specific | AH171: =IF($AK171=0,"",INDEX('Part types'!$W:$W,$AK171)&"") -> Brake Fluid DOT 4 | AI171: =IF($AK171=0,"",INDEX('Part types'!$X:$X,$AK171)&"") | AJ171: =IF($AK171=0,"",INDEX('Part types'!$Y:$Y,$AK171)&"") | AK171: =IFERROR(MATCH($AD171,'Part types'!$E:$E,0),0) -> 165
A172: SKU1170 | B172: Fluids | C172: Coolant | D172: =C172&" "&INDEX('Part types'!$I:$I,$AK172) -> Coolant Antifreeze 4 L | E172: Universal | F172: Universal Fit | G172: =IF($AK172=0,"",INDEX('Part types'!$P:$P,$AK172)) -> 20 | H172: =IF($AK172=0,"",INDEX('Part types'!$Q:$Q,$AK172)) -> 12 | I172: =IF($AK172=0,"",INDEX('Part types'!$R:$R,$AK172)) -> 28 | J172: =IF($AK172=0,"",INDEX('Part types'!$S:$S,$AK172)) -> 4.2 | K172: السوائل | L172: سائل تبريد | M172: =L172&" "&INDEX('Part types'!$J:$J,$AK172) -> سائل تبريد مضاد للتجمد 4 لتر | N172: عام | O172: تركيب عام | P172: =G172 -> 20 | Q172: =H172 -> 12 | R172: =I172 -> 28 | S172: =J172 -> 4.2 | T172: 油液 | U172: 冷却液 | V172: =U172&" "&INDEX('Part types'!$K:$K,$AK172) -> 冷却液 防冻液 4升 | W172: 通用 | X172: 通用安装 | Y172: =G172 -> 20 | Z172: =H172 -> 12 | AA172: =I172 -> 28 | AB172: =J172 -> 4.2 | AC172: FLD | AD172: FLD-011 | AE172: =IF($AK172=0,"",INDEX('Part types'!$T:$T,$AK172)&"") -> All vehicles | AF172: =IF($AK172=0,"",INDEX('Part types'!$U:$U,$AK172)&"") -> Liquid / flammable | AG172: =IF($AK172=0,"",INDEX('Part types'!$V:$V,$AK172)&"") -> Estimate: item-specific | AH172: =IF($AK172=0,"",INDEX('Part types'!$W:$W,$AK172)&"") -> Coolant Antifreeze | AI172: =IF($AK172=0,"",INDEX('Part types'!$X:$X,$AK172)&"") | AJ172: =IF($AK172=0,"",INDEX('Part types'!$Y:$Y,$AK172)&"") | AK172: =IFERROR(MATCH($AD172,'Part types'!$E:$E,0),0) -> 166
A173: SKU1171 | B173: Fluids | C173: Coolant | D173: =C173&" "&INDEX('Part types'!$I:$I,$AK173) -> Coolant Concentrate 1 L | E173: Universal | F173: Universal Fit | G173: =IF($AK173=0,"",INDEX('Part types'!$P:$P,$AK173)) -> 10 | H173: =IF($AK173=0,"",INDEX('Part types'!$Q:$Q,$AK173)) -> 8 | I173: =IF($AK173=0,"",INDEX('Part types'!$R:$R,$AK173)) -> 24 | J173: =IF($AK173=0,"",INDEX('Part types'!$S:$S,$AK173)) -> 1.1 | K173: السوائل | L173: سائل تبريد | M173: =L173&" "&INDEX('Part types'!$J:$J,$AK173) -> سائل تبريد مركز 1 لتر | N173: عام | O173: تركيب عام | P173: =G173 -> 10 | Q173: =H173 -> 8 | R173: =I173 -> 24 | S173: =J173 -> 1.1 | T173: 油液 | U173: 冷却液 | V173: =U173&" "&INDEX('Part types'!$K:$K,$AK173) -> 冷却液 浓缩液 1升 | W173: 通用 | X173: 通用安装 | Y173: =G173 -> 10 | Z173: =H173 -> 8 | AA173: =I173 -> 24 | AB173: =J173 -> 1.1 | AC173: FLD | AD173: FLD-012 | AE173: =IF($AK173=0,"",INDEX('Part types'!$T:$T,$AK173)&"") -> All vehicles | AF173: =IF($AK173=0,"",INDEX('Part types'!$U:$U,$AK173)&"") -> Liquid / flammable | AG173: =IF($AK173=0,"",INDEX('Part types'!$V:$V,$AK173)&"") -> Estimate: item-specific | AH173: =IF($AK173=0,"",INDEX('Part types'!$W:$W,$AK173)&"") -> Coolant Concentrate | AI173: =IF($AK173=0,"",INDEX('Part types'!$X:$X,$AK173)&"") | AJ173: =IF($AK173=0,"",INDEX('Part types'!$Y:$Y,$AK173)&"") | AK173: =IFERROR(MATCH($AD173,'Part types'!$E:$E,0),0) -> 167
... A187: SKU1185 | B187: Chemicals | C187: Anti-Seize Compound | D187: =C187&" "&INDEX('Part types'!$I:$I,$AK187) -> Anti-Seize Compound 100 g | E187: Universal | F187: Universal Fit | G187: =IF($AK187=0,"",INDEX('Part types'!$P:$P,$AK187)) -> 10 | H187: =IF($AK187=0,"",INDEX('Part types'!$Q:$Q,$AK187)) -> 8 | I187: =IF($AK187=0,"",INDEX('Part types'!$R:$R,$AK187)) -> 6 | J187: =IF($AK187=0,"",INDEX('Part types'!$S:$S,$AK187)) -> 0.1 | K187: الكيماويات | L187: معجون منع الالتصاق | M187: =L187&" "&INDEX('Part types'!$J:$J,$AK187) -> معجون منع الالتصاق 100 جم | N187: عام | O187: تركيب عام | P187: =G187 -> 10 | Q187: =H187 -> 8 | R187: =I187 -> 6 | S187: =J187 -> 0.1 | T187: 化学品 | U187: 防卡剂 | V187: =U187&" "&INDEX('Part types'!$K:$K,$AK187) -> 防卡剂 100克 | W187: 通用 | X187: 通用安装 | Y187: =G187 -> 10 | Z187: =H187 -> 8 | AA187: =I187 -> 6 | AB187: =J187 -> 0.1 | AC187: CHM | AD187: CHM-010 | AE187: =IF($AK187=0,"",INDEX('Part types'!$T:$T,$AK187)&"") -> All vehicles | AF187: =IF($AK187=0,"",INDEX('Part types'!$U:$U,$AK187)&"") -> Liquid / flammable | AG187: =IF($AK187=0,"",INDEX('Part types'!$V:$V,$AK187)&"") -> Estimate: size class XS | AH187: =IF($AK187=0,"",INDEX('Part types'!$W:$W,$AK187)&"") | AI187: =IF($AK187=0,"",INDEX('Part types'!$X:$X,$AK187)&"") | AJ187: =IF($AK187=0,"",INDEX('Part types'!$Y:$Y,$AK187)&"") | AK187: =IFERROR(MATCH($AD187,'Part types'!$E:$E,0),0) -> 181
A188: SKU1186 | B188: Chemicals | C188: Battery Terminal Protector | D188: =C188&" - "&E188 -> Battery Terminal Protector - Universal | E188: Universal | F188: Universal Fit | G188: =IF($AK188=0,"",INDEX('Part types'!$P:$P,$AK188)) -> 10 | H188: =IF($AK188=0,"",INDEX('Part types'!$Q:$Q,$AK188)) -> 8 | I188: =IF($AK188=0,"",INDEX('Part types'!$R:$R,$AK188)) -> 6 | J188: =IF($AK188=0,"",INDEX('Part types'!$S:$S,$AK188)) -> 0.1 | K188: الكيماويات | L188: حماية أقطاب البطارية | M188: =L188&" - "&N188 -> حماية أقطاب البطارية - عام | N188: عام | O188: تركيب عام | P188: =G188 -> 10 | Q188: =H188 -> 8 | R188: =I188 -> 6 | S188: =J188 -> 0.1 | T188: 化学品 | U188: 电瓶接线柱保护剂 | V188: =U188&" - "&W188 -> 电瓶接线柱保护剂 - 通用 | W188: 通用 | X188: 通用安装 | Y188: =G188 -> 10 | Z188: =H188 -> 8 | AA188: =I188 -> 6 | AB188: =J188 -> 0.1 | AC188: CHM | AD188: CHM-011 | AE188: =IF($AK188=0,"",INDEX('Part types'!$T:$T,$AK188)&"") -> All vehicles | AF188: =IF($AK188=0,"",INDEX('Part types'!$U:$U,$AK188)&"") -> Liquid / flammable | AG188: =IF($AK188=0,"",INDEX('Part types'!$V:$V,$AK188)&"") -> Estimate: size class XS | AH188: =IF($AK188=0,"",INDEX('Part types'!$W:$W,$AK188)&"") | AI188: =IF($AK188=0,"",INDEX('Part types'!$X:$X,$AK188)&"") | AJ188: =IF($AK188=0,"",INDEX('Part types'!$Y:$Y,$AK188)&"") | AK188: =IFERROR(MATCH($AD188,'Part types'!$E:$E,0),0) -> 182
A189: SKU1187 | B189: Chemicals | C189: Refrigerant | D189: =C189&" "&INDEX('Part types'!$I:$I,$AK189) -> Refrigerant R134a 500 g | E189: Universal | F189: Universal Fit | G189: =IF($AK189=0,"",INDEX('Part types'!$P:$P,$AK189)) -> 7 | H189: =IF($AK189=0,"",INDEX('Part types'!$Q:$Q,$AK189)) -> 7 | I189: =IF($AK189=0,"",INDEX('Part types'!$R:$R,$AK189)) -> 25 | J189: =IF($AK189=0,"",INDEX('Part types'!$S:$S,$AK189)) -> 0.6 | K189: الكيماويات | L189: غاز تكييف | M189: =L189&" "&INDEX('Part types'!$J:$J,$AK189) -> غاز تكييف R134a 500 جم | N189: عام | O189: تركيب عام | P189: =G189 -> 7 | Q189: =H189 -> 7 | R189: =I189 -> 25 | S189: =J189 -> 0.6 | T189: 化学品 | U189: 制冷剂 | V189: =U189&" "&INDEX('Part types'!$K:$K,$AK189) -> 制冷剂 R134a 500克 | W189: 通用 | X189: 通用安装 | Y189: =G189 -> 7 | Z189: =H189 -> 7 | AA189: =I189 -> 25 | AB189: =J189 -> 0.6 | AC189: CHM | AD189: CHM-012 | AE189: =IF($AK189=0,"",INDEX('Part types'!$T:$T,$AK189)&"") -> All vehicles | AF189: =IF($AK189=0,"",INDEX('Part types'!$U:$U,$AK189)&"") -> Liquid / flammable; Pressurised gas | AG189: =IF($AK189=0,"",INDEX('Part types'!$V:$V,$AK189)&"") -> Estimate: item-specific | AH189: =IF($AK189=0,"",INDEX('Part types'!$W:$W,$AK189)&"") -> Refrigerant R134a | AI189: =IF($AK189=0,"",INDEX('Part types'!$X:$X,$AK189)&"") | AJ189: =IF($AK189=0,"",INDEX('Part types'!$Y:$Y,$AK189)&"") | AK189: =IFERROR(MATCH($AD189,'Part types'!$E:$E,0),0) -> 183
A190: SKU1188 | B190: Chemicals | C190: Refrigerant | D190: =C190&" "&INDEX('Part types'!$I:$I,$AK190) -> Refrigerant R1234yf 500 g | E190: Universal | F190: Universal Fit | G190: =IF($AK190=0,"",INDEX('Part types'!$P:$P,$AK190)) -> 7 | H190: =IF($AK190=0,"",INDEX('Part types'!$Q:$Q,$AK190)) -> 7 | I190: =IF($AK190=0,"",INDEX('Part types'!$R:$R,$AK190)) -> 25 | J190: =IF($AK190=0,"",INDEX('Part types'!$S:$S,$AK190)) -> 0.6 | K190: الكيماويات | L190: غاز تكييف | M190: =L190&" "&INDEX('Part types'!$J:$J,$AK190) -> غاز تكييف R1234yf 500 جم | N190: عام | O190: تركيب عام | P190: =G190 -> 7 | Q190: =H190 -> 7 | R190: =I190 -> 25 | S190: =J190 -> 0.6 | T190: 化学品 | U190: 制冷剂 | V190: =U190&" "&INDEX('Part types'!$K:$K,$AK190) -> 制冷剂 R1234yf 500克 | W190: 通用 | X190: 通用安装 | Y190: =G190 -> 7 | Z190: =H190 -> 7 | AA190: =I190 -> 25 | AB190: =J190 -> 0.6 | AC190: CHM | AD190: CHM-013 | AE190: =IF($AK190=0,"",INDEX('Part types'!$T:$T,$AK190)&"") -> All vehicles | AF190: =IF($AK190=0,"",INDEX('Part types'!$U:$U,$AK190)&"") -> Liquid / flammable; Pressurised gas | AG190: =IF($AK190=0,"",INDEX('Part types'!$V:$V,$AK190)&"") -> Estimate: item-specific | AH190: =IF($AK190=0,"",INDEX('Part types'!$W:$W,$AK190)&"") -> Refrigerant R1234yf | AI190: =IF($AK190=0,"",INDEX('Part types'!$X:$X,$AK190)&"") | AJ190: =IF($AK190=0,"",INDEX('Part types'!$Y:$Y,$AK190)&"") | AK190: =IFERROR(MATCH($AD190,'Part types'!$E:$E,0),0) -> 184
A191: SKU1189 | B191: Chemicals | C191: Compressor Oil | D191: =C191&" "&INDEX('Part types'!$I:$I,$AK191) -> Compressor Oil PAG 250 ml | E191: Universal | F191: Universal Fit | G191: =IF($AK191=0,"",INDEX('Part types'!$P:$P,$AK191)) -> 6 | H191: =IF($AK191=0,"",INDEX('Part types'!$Q:$Q,$AK191)) -> 6 | I191: =IF($AK191=0,"",INDEX('Part types'!$R:$R,$AK191)) -> 16 | J191: =IF($AK191=0,"",INDEX('Part types'!$S:$S,$AK191)) -> 0.3 | K191: الكيماويات | L191: زيت كمبروسر التكييف | M191: =L191&" "&INDEX('Part types'!$J:$J,$AK191) -> زيت كمبروسر التكييف PAG 250 مل | N191: عام | O191: تركيب عام | P191: =G191 -> 6 | Q191: =H191 -> 6 | R191: =I191 -> 16 | S191: =J191 -> 0.3 | T191: 化学品 | U191: 空调压缩机油 | V191: =U191&" "&INDEX('Part types'!$K:$K,$AK191) -> 空调压缩机油 PAG 250毫升 | W191: 通用 | X191: 通用安装 | Y191: =G191 -> 6 | Z191: =H191 -> 6 | AA191: =I191 -> 16 | AB191: =J191 -> 0.3 | AC191: CHM | AD191: CHM-014 | AE191: =IF($AK191=0,"",INDEX('Part types'!$T:$T,$AK191)&"") -> All vehicles | AF191: =IF($AK191=0,"",INDEX('Part types'!$U:$U,$AK191)&"") -> Liquid / flammable | AG191: =IF($AK191=0,"",INDEX('Part types'!$V:$V,$AK191)&"") -> Estimate: item-specific | AH191: =IF($AK191=0,"",INDEX('Part types'!$W:$W,$AK191)&"") -> A/C Compressor Oil PAG | AI191: =IF($AK191=0,"",INDEX('Part types'!$X:$X,$AK191)&"") | AJ191: =IF($AK191=0,"",INDEX('Part types'!$Y:$Y,$AK191)&"") | AK191: =IFERROR(MATCH($AD191,'Part types'!$E:$E,0),0) -> 185
A192: SKU1190 | B192: Chemicals | C192: Tire Sealant | D192: =C192&" "&INDEX('Part types'!$I:$I,$AK192) -> Tire Sealant 450 ml | E192: Universal | F192: Universal Fit | G192: =IF($AK192=0,"",INDEX('Part types'!$P:$P,$AK192)) -> 7 | H192: =IF($AK192=0,"",INDEX('Part types'!$Q:$Q,$AK192)) -> 7 | I192: =IF($AK192=0,"",INDEX('Part types'!$R:$R,$AK192)) -> 22 | J192: =IF($AK192=0,"",INDEX('Part types'!$S:$S,$AK192)) -> 0.5 | K192: الكيماويات | L192: معجون إصلاح الإطارات | M192: =L192&" "&INDEX('Part types'!$J:$J,$AK192) -> معجون إصلاح الإطارات 450 مل | N192: عام | O192: تركيب عام | P192: =G192 -> 7 | Q192: =H192 -> 7 | R192: =I192 -> 22 | S192: =J192 -> 0.5 | T192: 化学品 | U192: 轮胎密封剂 | V192: =U192&" "&INDEX('Part types'!$K:$K,$AK192) -> 轮胎密封剂 450毫升 | W192: 通用 | X192: 通用安装 | Y192: =G192 -> 7 | Z192: =H192 -> 7 | AA192: =I192 -> 22 | AB192: =J192 -> 0.5 | AC192: CHM | AD192: CHM-015 | AE192: =IF($AK192=0,"",INDEX('Part types'!$T:$T,$AK192)&"") -> All vehicles | AF192: =IF($AK192=0,"",INDEX('Part types'!$U:$U,$AK192)&"") -> Liquid / flammable; Pressurised gas | AG192: =IF($AK192=0,"",INDEX('Part types'!$V:$V,$AK192)&"") -> Estimate: item-specific | AH192: =IF($AK192=0,"",INDEX('Part types'!$W:$W,$AK192)&"") | AI192: =IF($AK192=0,"",INDEX('Part types'!$X:$X,$AK192)&"") | AJ192: =IF($AK192=0,"",INDEX('Part types'!$Y:$Y,$AK192)&"") | AK192: =IFERROR(MATCH($AD192,'Part types'!$E:$E,0),0) -> 186
A193: SKU1191 | B193: Transmission | C193: Automatic Transmission Assembly | D193: =C193&" - "&E193 -> Automatic Transmission Assembly - Universal | E193: Universal | F193: Transmission | G193: =IF($AK193=0,"",INDEX('Part types'!$P:$P,$AK193)) -> 70 | H193: =IF($AK193=0,"",INDEX('Part types'!$Q:$Q,$AK193)) -> 50 | I193: =IF($AK193=0,"",INDEX('Part types'!$R:$R,$AK193)) -> 50 | J193: =IF($AK193=0,"",INDEX('Part types'!$S:$S,$AK193)) -> 70 | K193: ناقل الحركة | L193: ناقل حركة أوتوماتيك كامل | M193: =L193&" - "&N193 -> ناقل حركة أوتوماتيك كامل - عام | N193: عام | O193: ناقل الحركة | P193: =G193 -> 70 | Q193: =H193 -> 50 | R193: =I193 -> 50 | S193: =J193 -> 70 | T193: 变速箱 | U193: 自动变速箱总成 | V193: =U193&" - "&W193 -> 自动变速箱总成 - 通用 | W193: 通用 | X193: 变速箱 | Y193: =G193 -> 70 | Z193: =H193 -> 50 | AA193: =I193 -> 50 | AB193: =J193 -> 70 | AC193: TRN | AD193: TRN-001 | AE193: =IF($AK193=0,"",INDEX('Part types'!$T:$T,$AK193)&"") -> Combustion engine (petrol, diesel, hybrid, range extender) | AF193: =IF($AK193=0,"",INDEX('Part types'!$U:$U,$AK193)&"") -> Heavy (over 30 kg) | AG193: =IF($AK193=0,"",INDEX('Part types'!$V:$V,$AK193)&"") -> Estimate: item-specific | AH193: =IF($AK193=0,"",INDEX('Part types'!$W:$W,$AK193)&"") | AI193: =IF($AK193=0,"",INDEX('Part types'!$X:$X,$AK193)&"") | AJ193: =IF($AK193=0,"",INDEX('Part types'!$Y:$Y,$AK193)&"") | AK193: =IFERROR(MATCH($AD193,'Part types'!$E:$E,0),0) -> 187
A194: SKU1192 | B194: Transmission | C194: Manual Transmission Assembly | D194: =C194&" - "&E194 -> Manual Transmission Assembly - Universal | E194: Universal | F194: Transmission | G194: =IF($AK194=0,"",INDEX('Part types'!$P:$P,$AK194)) -> 60 | H194: =IF($AK194=0,"",INDEX('Part types'!$Q:$Q,$AK194)) -> 45 | I194: =IF($AK194=0,"",INDEX('Part types'!$R:$R,$AK194)) -> 45 | J194: =IF($AK194=0,"",INDEX('Part types'!$S:$S,$AK194)) -> 45 | K194: ناقل الحركة | L194: ناقل حركة عادي كامل | M194: =L194&" - "&N194 -> ناقل حركة عادي كامل - عام | N194: عام | O194: ناقل الحركة | P194: =G194 -> 60 | Q194: =H194 -> 45 | R194: =I194 -> 45 | S194: =J194 -> 45 | T194: 变速箱 | U194: 手动变速箱总成 | V194: =U194&" - "&W194 -> 手动变速箱总成 - 通用 | W194: 通用 | X194: 变速箱 | Y194: =G194 -> 60 | Z194: =H194 -> 45 | AA194: =I194 -> 45 | AB194: =J194 -> 45 | AC194: TRN | AD194: TRN-002 | AE194: =IF($AK194=0,"",INDEX('Part types'!$T:$T,$AK194)&"") -> Combustion engine (petrol, diesel, hybrid, range extender) | AF194: =IF($AK194=0,"",INDEX('Part types'!$U:$U,$AK194)&"") -> Heavy (over 30 kg) | AG194: =IF($AK194=0,"",INDEX('Part types'!$V:$V,$AK194)&"") -> Estimate: item-specific | AH194: =IF($AK194=0,"",INDEX('Part types'!$W:$W,$AK194)&"") | AI194: =IF($AK194=0,"",INDEX('Part types'!$X:$X,$AK194)&"") | AJ194: =IF($AK194=0,"",INDEX('Part types'!$Y:$Y,$AK194)&"") | AK194: =IFERROR(MATCH($AD194,'Part types'!$E:$E,0),0) -> 188
A195: SKU1193 | B195: Transmission | C195: Transmission Mount | D195: =C195&" - "&E195 -> Transmission Mount - Universal | E195: Universal | F195: Transmission | G195: =IF($AK195=0,"",INDEX('Part types'!$P:$P,$AK195)) -> 30 | H195: =IF($AK195=0,"",INDEX('Part types'!$Q:$Q,$AK195)) -> 20 | I195: =IF($AK195=0,"",INDEX('Part types'!$R:$R,$AK195)) -> 15 | J195: =IF($AK195=0,"",INDEX('Part types'!$S:$S,$AK195)) -> 1.8 | K195: ناقل الحركة | L195: قاعدة ناقل الحركة | M195: =L195&" - "&N195 -> قاعدة ناقل الحركة - عام | N195: عام | O195: ناقل الحركة | P195: =G195 -> 30 | Q195: =H195 -> 20 | R195: =I195 -> 15 | S195: =J195 -> 1.8 | T195: 变速箱 | U195: 变速箱脚垫 | V195: =U195&" - "&W195 -> 变速箱脚垫 - 通用 | W195: 通用 | X195: 变速箱 | Y195: =G195 -> 30 | Z195: =H195 -> 20 | AA195: =I195 -> 15 | AB195: =J195 -> 1.8 | AC195: TRN | AD195: TRN-003 | AE195: =IF($AK195=0,"",INDEX('Part types'!$T:$T,$AK195)&"") -> Combustion engine (petrol, diesel, hybrid, range extender) | AF195: =IF($AK195=0,"",INDEX('Part types'!$U:$U,$AK195)&"") | AG195: =IF($AK195=0,"",INDEX('Part types'!$V:$V,$AK195)&"") -> Estimate: size class M2 | AH195: =IF($AK195=0,"",INDEX('Part types'!$W:$W,$AK195)&"") | AI195: =IF($AK195=0,"",INDEX('Part types'!$X:$X,$AK195)&"") | AJ195: =IF($AK195=0,"",INDEX('Part types'!$Y:$Y,$AK195)&"") -> 悬置 | AK195: =IFERROR(MATCH($AD195,'Part types'!$E:$E,0),0) -> 189
A196: SKU1194 | B196: Transmission | C196: Transmission Oil Pan | D196: =C196&" - "&E196 -> Transmission Oil Pan - Universal | E196: Universal | F196: Transmission | G196: =IF($AK196=0,"",INDEX('Part types'!$P:$P,$AK196)) -> 40 | H196: =IF($AK196=0,"",INDEX('Part types'!$Q:$Q,$AK196)) -> 25 | I196: =IF($AK196=0,"",INDEX('Part types'!$R:$R,$AK196)) -> 15 | J196: =IF($AK196=0,"",INDEX('Part types'!$S:$S,$AK196)) -> 3 | K196: ناقل الحركة | L196: حوض زيت ناقل الحركة | M196: =L196&" - "&N196 -> حوض زيت ناقل الحركة - عام | N196: عام | O196: ناقل الحركة | P196: =G196 -> 40 | Q196: =H196 -> 25 | R196: =I196 -> 15 | S196: =J196 -> 3 | T196: 变速箱 | U196: 变速箱油底壳 | V196: =U196&" - "&W196 -> 变速箱油底壳 - 通用 | W196: 通用 | X196: 变速箱 | Y196: =G196 -> 40 | Z196: =H196 -> 25 | AA196: =I196 -> 15 | AB196: =J196 -> 3 | AC196: TRN | AD196: TRN-004 | AE196: =IF($AK196=0,"",INDEX('Part types'!$T:$T,$AK196)&"") -> Combustion engine (petrol, diesel, hybrid, range extender) | AF196: =IF($AK196=0,"",INDEX('Part types'!$U:$U,$AK196)&"") | AG196: =IF($AK196=0,"",INDEX('Part types'!$V:$V,$AK196)&"") -> Estimate: size class L | AH196: =IF($AK196=0,"",INDEX('Part types'!$W:$W,$AK196)&"") | AI196: =IF($AK196=0,"",INDEX('Part types'!$X:$X,$AK196)&"") | AJ196: =IF($AK196=0,"",INDEX('Part types'!$Y:$Y,$AK196)&"") | AK196: =IFERROR(MATCH($AD196,'Part types'!$E:$E,0),0) -> 190
A197: SKU1195 | B197: Transmission | C197: Transmission Pan Gasket | D197: =C197&" - "&E197 -> Transmission Pan Gasket - Universal | E197: Universal | F197: Transmission | G197: =IF($AK197=0,"",INDEX('Part types'!$P:$P,$AK197)) -> 15 | H197: =IF($AK197=0,"",INDEX('Part types'!$Q:$Q,$AK197)) -> 10 | I197: =IF($AK197=0,"",INDEX('Part types'!$R:$R,$AK197)) -> 8 | J197: =IF($AK197=0,"",INDEX('Part types'!$S:$S,$AK197)) -> 0.3 | K197: ناقل الحركة | L197: جوان حوض ناقل الحركة | M197: =L197&" - "&N197 -> جوان حوض ناقل الحركة - عام | N197: عام | O197: ناقل الحركة | P197: =G197 -> 15 | Q197: =H197 -> 10 | R197: =I197 -> 8 | S197: =J197 -> 0.3 | T197: 变速箱 | U197: 变速箱油底壳垫 | V197: =U197&" - "&W197 -> 变速箱油底壳垫 - 通用 | W197: 通用 | X197: 变速箱 | Y197: =G197 -> 15 | Z197: =H197 -> 10 | AA197: =I197 -> 8 | AB197: =J197 -> 0.3 | AC197: TRN | AD197: TRN-005 | AE197: =IF($AK197=0,"",INDEX('Part types'!$T:$T,$AK197)&"") -> Combustion engine (petrol, diesel, hybrid, range extender) | AF197: =IF($AK197=0,"",INDEX('Part types'!$U:$U,$AK197)&"") | AG197: =IF($AK197=0,"",INDEX('Part types'!$V:$V,$AK197)&"") -> Estimate: size class S | AH197: =IF($AK197=0,"",INDEX('Part types'!$W:$W,$AK197)&"") | AI197: =IF($AK197=0,"",INDEX('Part types'!$X:$X,$AK197)&"") | AJ197: =IF($AK197=0,"",INDEX('Part types'!$Y:$Y,$AK197)&"") | AK197: =IFERROR(MATCH($AD197,'Part types'!$E:$E,0),0) -> 191
A198: SKU1196 | B198: Transmission | C198: Transmission Valve Body | D198: =C198&" - "&E198 -> Transmission Valve Body - Universal | E198: Universal | F198: Transmission | G198: =IF($AK198=0,"",INDEX('Part types'!$P:$P,$AK198)) -> 35 | H198: =IF($AK198=0,"",INDEX('Part types'!$Q:$Q,$AK198)) -> 25 | I198: =IF($AK198=0,"",INDEX('Part types'!$R:$R,$AK198)) -> 12 | J198: =IF($AK198=0,"",INDEX('Part types'!$S:$S,$AK198)) -> 6 | K198: ناقل الحركة | L198: وحدة الصمامات | M198: =L198&" - "&N198 -> وحدة الصمامات - عام | N198: عام | O198: ناقل الحركة | P198: =G198 -> 35 | Q198: =H198 -> 25 | R198: =I198 -> 12 | S198: =J198 -> 6 | T198: 变速箱 | U198: 变速箱阀体 | V198: =U198&" - "&W198 -> 变速箱阀体 - 通用 | W198: 通用 | X198: 变速箱 | Y198: =G198 -> 35 | Z198: =H198 -> 25 | AA198: =I198 -> 12 | AB198: =J198 -> 6 | AC198: TRN | AD198: TRN-006 | AE198: =IF($AK198=0,"",INDEX('Part types'!$T:$T,$AK198)&"") -> Combustion engine (petrol, diesel, hybrid, range extender) | AF198: =IF($AK198=0,"",INDEX('Part types'!$U:$U,$AK198)&"") | AG198: =IF($AK198=0,"",INDEX('Part types'!$V:$V,$AK198)&"") -> Estimate: item-specific | AH198: =IF($AK198=0,"",INDEX('Part types'!$W:$W,$AK198)&"") | AI198: =IF($AK198=0,"",INDEX('Part types'!$X:$X,$AK198)&"") -> فالف بودي | AJ198: =IF($AK198=0,"",INDEX('Part types'!$Y:$Y,$AK198)&"") | AK198: =IFERROR(MATCH($AD198,'Part types'!$E:$E,0),0) -> 192
A199: SKU1197 | B199: Transmission | C199: Transmission Shift Solenoid | D199: =C199&" - "&E199 -> Transmission Shift Solenoid - Universal | E199: Universal | F199: Transmission | G199: =IF($AK199=0,"",INDEX('Part types'!$P:$P,$AK199)) -> 10 | H199: =IF($AK199=0,"",INDEX('Part types'!$Q:$Q,$AK199)) -> 8 | I199: =IF($AK199=0,"",INDEX('Part types'!$R:$R,$AK199)) -> 6 | J199: =IF($AK199=0,"",INDEX('Part types'!$S:$S,$AK199)) -> 0.1 | K199: ناقل الحركة | L199: سولينويد تغيير السرعات | M199: =L199&" - "&N199 -> سولينويد تغيير السرعات - عام | N199: عام | O199: ناقل الحركة | P199: =G199 -> 10 | Q199: =H199 -> 8 | R199: =I199 -> 6 | S199: =J199 -> 0.1 | T199: 变速箱 | U199: 变速箱换挡电磁阀 | V199: =U199&" - "&W199 -> 变速箱换挡电磁阀 - 通用 | W199: 通用 | X199: 变速箱 | Y199: =G199 -> 10 | Z199: =H199 -> 8 | AA199: =I199 -> 6 | AB199: =J199 -> 0.1 | AC199: TRN | AD199: TRN-007 | AE199: =IF($AK199=0,"",INDEX('Part types'!$T:$T,$AK199)&"") -> Combustion engine (petrol, diesel, hybrid, range extender) | AF199: =IF($AK199=0,"",INDEX('Part types'!$U:$U,$AK199)&"") | AG199: =IF($AK199=0,"",INDEX('Part types'!$V:$V,$AK199)&"") -> Estimate: size class XS | AH199: =IF($AK199=0,"",INDEX('Part types'!$W:$W,$AK199)&"") | AI199: =IF($AK199=0,"",INDEX('Part types'!$X:$X,$AK199)&"") | AJ199: =IF($AK199=0,"",INDEX('Part types'!$Y:$Y,$AK199)&"") | AK199: =IFERROR(MATCH($AD199,'Part types'!$E:$E,0),0) -> 193
A200: SKU1198 | B200: Transmission | C200: Mechatronic Unit | D200: =C200&" - "&E200 -> Mechatronic Unit - Universal | E200: Universal | F200: Transmission | G200: =IF($AK200=0,"",INDEX('Part types'!$P:$P,$AK200)) -> 30 | H200: =IF($AK200=0,"",INDEX('Part types'!$Q:$Q,$AK200)) -> 20 | I200: =IF($AK200=0,"",INDEX('Part types'!$R:$R,$AK200)) -> 15 | J200: =IF($AK200=0,"",INDEX('Part types'!$S:$S,$AK200)) -> 1.8 | K200: ناقل الحركة | L200: وحدة الميكاترونيك | M200: =L200&" - "&N200 -> وحدة الميكاترونيك - عام | N200: عام | O200: ناقل الحركة | P200: =G200 -> 30 | Q200: =H200 -> 20 | R200: =I200 -> 15 | S200: =J200 -> 1.8 | T200: 变速箱 | U200: 机电单元 | V200: =U200&" - "&W200 -> 机电单元 - 通用 | W200: 通用 | X200: 变速箱 | Y200: =G200 -> 30 | Z200: =H200 -> 20 | AA200: =I200 -> 15 | AB200: =J200 -> 1.8 | AC200: TRN | AD200: TRN-008 | AE200: =IF($AK200=0,"",INDEX('Part types'!$T:$T,$AK200)&"") -> Combustion engine (petrol, diesel, hybrid, range extender) | AF200: =IF($AK200=0,"",INDEX('Part types'!$U:$U,$AK200)&"") | AG200: =IF($AK200=0,"",INDEX('Part types'!$V:$V,$AK200)&"") -> Estimate: size class M2 | AH200: =IF($AK200=0,"",INDEX('Part types'!$W:$W,$AK200)&"") -> DCT | AI200: =IF($AK200=0,"",INDEX('Part types'!$X:$X,$AK200)&"") -> DCT | AJ200: =IF($AK200=0,"",INDEX('Part types'!$Y:$Y,$AK200)&"") -> 双离合变速箱 | AK200: =IFERROR(MATCH($AD200,'Part types'!$E:$E,0),0) -> 194
A201: SKU1199 | B201: Transmission | C201: CVT Belt | D201: =C201&" - "&E201 -> CVT Belt - Universal | E201: Universal | F201: Transmission | G201: =IF($AK201=0,"",INDEX('Part types'!$P:$P,$AK201)) -> 25 | H201: =IF($AK201=0,"",INDEX('Part types'!$Q:$Q,$AK201)) -> 15 | I201: =IF($AK201=0,"",INDEX('Part types'!$R:$R,$AK201)) -> 10 | J201: =IF($AK201=0,"",INDEX('Part types'!$S:$S,$AK201)) -> 0.9 | K201: ناقل الحركة | L201: سير ناقل CVT | M201: =L201&" - "&N201 -> سير ناقل CVT - عام | N201: عام | O201: ناقل الحركة | P201: =G201 -> 25 | Q201: =H201 -> 15 | R201: =I201 -> 10 | S201: =J201 -> 0.9 | T201: 变速箱 | U201: CVT钢带 | V201: =U201&" - "&W201 -> CVT钢带 - 通用 | W201: 通用 | X201: 变速箱 | Y201: =G201 -> 25 | Z201: =H201 -> 15 | AA201: =I201 -> 10 | AB201: =J201 -> 0.9 | AC201: TRN | AD201: TRN-009 | AE201: =IF($AK201=0,"",INDEX('Part types'!$T:$T,$AK201)&"") -> Combustion engine (petrol, diesel, hybrid, range extender) | AF201: =IF($AK201=0,"",INDEX('Part types'!$U:$U,$AK201)&"") | AG201: =IF($AK201=0,"",INDEX('Part types'!$V:$V,$AK201)&"") -> Estimate: size class M | AH201: =IF($AK201=0,"",INDEX('Part types'!$W:$W,$AK201)&"") -> Chain | AI201: =IF($AK201=0,"",INDEX('Part types'!$X:$X,$AK201)&"") -> جنزير | AJ201: =IF($AK201=0,"",INDEX('Part types'!$Y:$Y,$AK201)&"") | AK201: =IFERROR(MATCH($AD201,'Part types'!$E:$E,0),0) -> 195
A202: SKU1200 | B202: Transmission | C202: CVT Pulley Set | D202: =C202&" - "&E202 -> CVT Pulley Set - Universal | E202: Universal | F202: Transmission | G202: =IF($AK202=0,"",INDEX('Part types'!$P:$P,$AK202)) -> 30 | H202: =IF($AK202=0,"",INDEX('Part types'!$Q:$Q,$AK202)) -> 25 | I202: =IF($AK202=0,"",INDEX('Part types'!$R:$R,$AK202)) -> 20 | J202: =IF($AK202=0,"",INDEX('Part types'!$S:$S,$AK202)) -> 10 | K202: ناقل الحركة | L202: طقم بكرات CVT | M202: =L202&" - "&N202 -> طقم بكرات CVT - عام | N202: عام | O202: ناقل الحركة | P202: =G202 -> 30 | Q202: =H202 -> 25 | R202: =I202 -> 20 | S202: =J202 -> 10 | T202: 变速箱 | U202: CVT锥轮套装 | V202: =U202&" - "&W202 -> CVT锥轮套装 - 通用 | W202: 通用 | X202: 变速箱 | Y202: =G202 -> 30 | Z202: =H202 -> 25 | AA202: =I202 -> 20 | AB202: =J202 -> 10 | AC202: TRN | AD202: TRN-010 | AE202: =IF($AK202=0,"",INDEX('Part types'!$T:$T,$AK202)&"") -> Combustion engine (petrol, diesel, hybrid, range extender) | AF202: =IF($AK202=0,"",INDEX('Part types'!$U:$U,$AK202)&"") | AG202: =IF($AK202=0,"",INDEX('Part types'!$V:$V,$AK202)&"") -> Estimate: item-specific | AH202: =IF($AK202=0,"",INDEX('Part types'!$W:$W,$AK202)&"") | AI202: =IF($AK202=0,"",INDEX('Part types'!$X:$X,$AK202)&"") | AJ202: =IF($AK202=0,"",INDEX('Part types'!$Y:$Y,$AK202)&"") | AK202: =IFERROR(MATCH($AD202,'Part types'!$E:$E,0),0) -> 196
A203: SKU1201 | B203: Transmission | C203: Gear Shift Cable | D203: =C203&" - "&E203 -> Gear Shift Cable - Universal | E203: Universal | F203: Transmission | G203: =IF($AK203=0,"",INDEX('Part types'!$P:$P,$AK203)) -> 25 | H203: =IF($AK203=0,"",INDEX('Part types'!$Q:$Q,$AK203)) -> 15 | I203: =IF($AK203=0,"",INDEX('Part types'!$R:$R,$AK203)) -> 10 | J203: =IF($AK203=0,"",INDEX('Part types'!$S:$S,$AK203)) -> 0.9 | K203: ناقل الحركة | L203: كابل تعشيق السرعات | M203: =L203&" - "&N203 -> كابل تعشيق السرعات - عام | N203: عام | O203: ناقل الحركة | P203: =G203 -> 25 | Q203: =H203 -> 15 | R203: =I203 -> 10 | S203: =J203 -> 0.9 | T203: 变速箱 | U203: 换挡拉索 | V203: =U203&" - "&W203 -> 换挡拉索 - 通用 | W203: 通用 | X203: 变速箱 | Y203: =G203 -> 25 | Z203: =H203 -> 15 | AA203: =I203 -> 10 | AB203: =J203 -> 0.9 | AC203: TRN | AD203: TRN-011 | AE203: =IF($AK203=0,"",INDEX('Part types'!$T:$T,$AK203)&"") -> Combustion engine (petrol, diesel, hybrid, range extender) | AF203: =IF($AK203=0,"",INDEX('Part types'!$U:$U,$AK203)&"") | AG203: =IF($AK203=0,"",INDEX('Part types'!$V:$V,$AK203)&"") -> Estimate: size class M | AH203: =IF($AK203=0,"",INDEX('Part types'!$W:$W,$AK203)&"") | AI203: =IF($AK203=0,"",INDEX('Part types'!$X:$X,$AK203)&"") | AJ203: =IF($AK203=0,"",INDEX('Part types'!$Y:$Y,$AK203)&"") | AK203: =IFERROR(MATCH($AD203,'Part types'!$E:$E,0),0) -> 197
A204: SKU1202 | B204: Transmission | C204: Gear Shift Lever | D204: =C204&" - "&E204 -> Gear Shift Lever - Universal | E204: Universal | F204: Center Console | G204: =IF($AK204=0,"",INDEX('Part types'!$P:$P,$AK204)) -> 30 | H204: =IF($AK204=0,"",INDEX('Part types'!$Q:$Q,$AK204)) -> 20 | I204: =IF($AK204=0,"",INDEX('Part types'!$R:$R,$AK204)) -> 15 | J204: =IF($AK204=0,"",INDEX('Part types'!$S:$S,$AK204)) -> 1.8 | K204: ناقل الحركة | L204: ذراع تعشيق السرعات | M204: =L204&" - "&N204 -> ذراع تعشيق السرعات - عام | N204: عام | O204: الكونسول الأوسط | P204: =G204 -> 30 | Q204: =H204 -> 20 | R204: =I204 -> 15 | S204: =J204 -> 1.8 | T204: 变速箱 | U204: 换挡杆 | V204: =U204&" - "&W204 -> 换挡杆 - 通用 | W204: 通用 | X204: 中控台 | Y204: =G204 -> 30 | Z204: =H204 -> 20 | AA204: =I204 -> 15 | AB204: =J204 -> 1.8 | AC204: TRN | AD204: TRN-012 | AE204: =IF($AK204=0,"",INDEX('Part types'!$T:$T,$AK204)&"") -> Combustion engine (petrol, diesel, hybrid, range extender) | AF204: =IF($AK204=0,"",INDEX('Part types'!$U:$U,$AK204)&"") | AG204: =IF($AK204=0,"",INDEX('Part types'!$V:$V,$AK204)&"") -> Estimate: size class M2 | AH204: =IF($AK204=0,"",INDEX('Part types'!$W:$W,$AK204)&"") | AI204: =IF($AK204=0,"",INDEX('Part types'!$X:$X,$AK204)&"") | AJ204: =IF($AK204=0,"",INDEX('Part types'!$Y:$Y,$AK204)&"") | AK204: =IFERROR(MATCH($AD204,'Part types'!$E:$E,0),0) -> 198
... A1112: SKU2110 | B1112: Tools | C1112: Car Vacuum Cleaner | D1112: =C1112&" - "&E1112 -> Car Vacuum Cleaner - Universal | E1112: Universal | F1112: Universal Fit | G1112: =IF($AK1112=0,"",INDEX('Part types'!$P:$P,$AK1112)) -> 30 | H1112: =IF($AK1112=0,"",INDEX('Part types'!$Q:$Q,$AK1112)) -> 20 | I1112: =IF($AK1112=0,"",INDEX('Part types'!$R:$R,$AK1112)) -> 15 | J1112: =IF($AK1112=0,"",INDEX('Part types'!$S:$S,$AK1112)) -> 1.8 | K1112: العدد والأدوات | L1112: مكنسة سيارة | M1112: =L1112&" - "&N1112 -> مكنسة سيارة - عام | N1112: عام | O1112: تركيب عام | P1112: =G1112 -> 30 | Q1112: =H1112 -> 20 | R1112: =I1112 -> 15 | S1112: =J1112 -> 1.8 | T1112: 工具 | U1112: 车载吸尘器 | V1112: =U1112&" - "&W1112 -> 车载吸尘器 - 通用 | W1112: 通用 | X1112: 通用安装 | Y1112: =G1112 -> 30 | Z1112: =H1112 -> 20 | AA1112: =I1112 -> 15 | AB1112: =J1112 -> 1.8 | AC1112: TOL | AD1112: TOL-010 | AE1112: =IF($AK1112=0,"",INDEX('Part types'!$T:$T,$AK1112)&"") -> All vehicles | AF1112: =IF($AK1112=0,"",INDEX('Part types'!$U:$U,$AK1112)&"") | AG1112: =IF($AK1112=0,"",INDEX('Part types'!$V:$V,$AK1112)&"") -> Estimate: size class M2 | AH1112: =IF($AK1112=0,"",INDEX('Part types'!$W:$W,$AK1112)&"") -> 12 V | AI1112: =IF($AK1112=0,"",INDEX('Part types'!$X:$X,$AK1112)&"") -> 12 فولت | AJ1112: =IF($AK1112=0,"",INDEX('Part types'!$Y:$Y,$AK1112)&"") -> 12V | AK1112: =IFERROR(MATCH($AD1112,'Part types'!$E:$E,0),0) -> 737

Sheet Part types
A1: Main Category Code | B1: Main Category (English) | C1: Main Category (Arabic) | D1: Main Category (Chinese) | E1: Part Code | F1: Sub Category (English) | G1: Sub Category (Arabic) | H1: Sub Category (Chinese) | I1: Variant (English) | J1: Variant (Arabic) | K1: Variant (Chinese) | L1: Allowed Positions | M1: Placement (English) | N1: Placement (Arabic) | O1: Placement (Chinese) | P1: Length (cm) | Q1: Width (cm) | R1: Height (cm) | S1: Weight (kg) | T1: Applies To | U1: Special Shipping | V1: Size Basis | W1: Search Keywords (English) | X1: Search Keywords (Arabic) | Y1: Search Keywords (Chinese)
A2: ENG | B2: Engine | C2: المحرك | D2: 发动机 | E2: ENG-001 | F2: Engine Assembly | G2: محرك كامل | H2: 发动机总成 | L2: Universal | M2: Engine Bay | N2: حجرة المحرك | O2: 发动机舱 | P2: 110 | Q2: 75 | R2: 75 | S2: 150 | T2: Combustion engine (petrol, diesel, hybrid, range extender) | U2: Heavy (over 30 kg) | V2: Estimate: item-specific | W2: Complete
A3: ENG | B3: Engine | C3: المحرك | D3: 发动机 | E3: ENG-002 | F3: Short Block | G3: هيكل المحرك | H3: 发动机短缸体总成 | L3: Universal | M3: Engine Bay | N3: حجرة المحرك | O3: 发动机舱 | P3: 80 | Q3: 60 | R3: 60 | S3: 80 | T3: Combustion engine (petrol, diesel, hybrid, range extender) | U3: Heavy (over 30 kg) | V3: Estimate: item-specific | X3: شورت بلوك
A4: ENG | B4: Engine | C4: المحرك | D4: 发动机 | E4: ENG-003 | F4: Cylinder Block | G4: كتلة الأسطوانات | H4: 气缸体 | L4: Universal | M4: Engine Block | N4: كتلة المحرك | O4: 缸体 | P4: 60 | Q4: 45 | R4: 40 | S4: 35 | T4: Combustion engine (petrol, diesel, hybrid, range extender) | U4: Heavy (over 30 kg) | V4: Estimate: item-specific
A5: ENG | B5: Engine | C5: المحرك | D5: 发动机 | E5: ENG-004 | F5: Cylinder Head | G5: رأس الأسطوانات | H5: 气缸盖 | L5: Universal | M5: Cylinder Head | N5: رأس الأسطوانات | O5: 气缸盖 | P5: 60 | Q5: 30 | R5: 25 | S5: 18 | T5: Combustion engine (petrol, diesel, hybrid, range extender) | V5: Estimate: item-specific
A6: ENG | B6: Engine | C6: المحرك | D6: 发动机 | E6: ENG-005 | F6: Cylinder Head Gasket | G6: جوان رأس الأسطوانات | H6: 气缸垫 | L6: Universal | M6: Cylinder Head | N6: رأس الأسطوانات | O6: 气缸盖 | P6: 50 | Q6: 30 | R6: 3 | S6: 0.4 | T6: Combustion engine (petrol, diesel, hybrid, range extender) | V6: Estimate: item-specific
A7: ENG | B7: Engine | C7: المحرك | D7: 发动机 | E7: ENG-006 | F7: Head Bolt Set | G7: طقم براغي رأس الأسطوانات | H7: 缸盖螺栓套装 | L7: Universal | M7: Cylinder Head | N7: رأس الأسطوانات | O7: 气缸盖 | P7: 25 | Q7: 15 | R7: 10 | S7: 0.9 | T7: Combustion engine (petrol, diesel, hybrid, range extender) | V7: Estimate: size class M | W7: Cylinder Head Bolt Set
A8: ENG | B8: Engine | C8: المحرك | D8: 发动机 | E8: ENG-007 | F8: Valve Cover | G8: غطاء الصمامات | H8: 气门室盖 | L8: Universal | M8: Engine Top | N8: أعلى المحرك | O8: 发动机顶部 | P8: 40 | Q8: 25 | R8: 15 | S8: 3 | T8: Combustion engine (petrol, diesel, hybrid, range extender) | V8: Estimate: size class L
A9: ENG | B9: Engine | C9: المحرك | D9: 发动机 | E9: ENG-008 | F9: Valve Cover Gasket | G9: جوان غطاء الصمامات | H9: 气门室盖垫 | L9: Universal | M9: Engine Top | N9: أعلى المحرك | O9: 发动机顶部 | P9: 15 | Q9: 10 | R9: 8 | S9: 0.3 | T9: Combustion engine (petrol, diesel, hybrid, range extender) | V9: Estimate: size class S
A10: ENG | B10: Engine | C10: المحرك | D10: 发动机 | E10: ENG-009 | F10: Piston | G10: مكبس | H10: 活塞 | L10: Universal | M10: Engine Internal | N10: داخل المحرك | O10: 发动机内部 | P10: 10 | Q10: 8 | R10: 6 | S10: 0.1 | T10: Combustion engine (petrol, diesel, hybrid, range extender) | V10: Estimate: size class XS | X10: بستم
A11: ENG | B11: Engine | C11: المحرك | D11: 发动机 | E11: ENG-010 | F11: Piston Ring Set | G11: طقم شنابر المكبس | H11: 活塞环套装 | L11: Universal | M11: Engine Internal | N11: داخل المحرك | O11: 发动机内部 | P11: 15 | Q11: 10 | R11: 8 | S11: 0.3 | T11: Combustion engine (petrol, diesel, hybrid, range extender) | V11: Estimate: size class S
A12: ENG | B12: Engine | C12: المحرك | D12: 发动机 | E12: ENG-011 | F12: Piston Pin | G12: مسمار المكبس | H12: 活塞销 | L12: Universal | M12: Engine Internal | N12: داخل المحرك | O12: 发动机内部 | P12: 10 | Q12: 8 | R12: 6 | S12: 0.1 | T12: Combustion engine (petrol, diesel, hybrid, range extender) | V12: Estimate: size class XS
A13: ENG | B13: Engine | C13: المحرك | D13: 发动机 | E13: ENG-012 | F13: Connecting Rod | G13: ذراع التوصيل | H13: 连杆 | L13: Universal | M13: Engine Internal | N13: داخل المحرك | O13: 发动机内部 | P13: 15 | Q13: 10 | R13: 8 | S13: 0.3 | T13: Combustion engine (petrol, diesel, hybrid, range extender) | V13: Estimate: size class S | X13: البيل
A14: ENG | B14: Engine | C14: المحرك | D14: 发动机 | E14: ENG-013 | F14: Rod Bearing Set | G14: طقم كراسي ذراع التوصيل | H14: 连杆轴瓦套装 | L14: Universal | M14: Engine Internal | N14: داخل المحرك | O14: 发动机内部 | P14: 15 | Q14: 10 | R14: 8 | S14: 0.3 | T14: Combustion engine (petrol, diesel, hybrid, range extender) | V14: Estimate: size class S | W14: Connecting Rod Bearing Set
A15: ENG | B15: Engine | C15: المحرك | D15: 发动机 | E15: ENG-014 | F15: Crankshaft | G15: عمود المرفق | H15: 曲轴 | L15: Universal | M15: Engine Internal | N15: داخل المحرك | O15: 发动机内部 | P15: 70 | Q15: 15 | R15: 15 | S15: 12 | T15: Combustion engine (petrol, diesel, hybrid, range extender) | V15: Estimate: item-specific | X15: الكرنك
A16: ENG | B16: Engine | C16: المحرك | D16: 发动机 | E16: ENG-015 | F16: Main Bearing Set | G16: طقم كراسي عمود المرفق الرئيسية | H16: 曲轴主轴瓦套装 | L16: Universal | M16: Engine Internal | N16: داخل المحرك | O16: 发动机内部 | P16: 15 | Q16: 10 | R16: 8 | S16: 0.3 | T16: Combustion engine (petrol, diesel, hybrid, range extender) | V16: Estimate: size class S | W16: Crankshaft Main Bearing Set
A17: ENG | B17: Engine | C17: المحرك | D17: 发动机 | E17: ENG-016 | F17: Crankshaft Oil Seal | G17: سيل زيت عمود المرفق | H17: 曲轴油封 | L17: Front; Rear | M17: Engine Block | N17: كتلة المحرك | O17: 缸体 | P17: 10 | Q17: 8 | R17: 6 | S17: 0.1 | T17: Combustion engine (petrol, diesel, hybrid, range extender) | V17: Estimate: size class XS
A18: ENG | B18: Engine | C18: المحرك | D18: 发动机 | E18: ENG-017 | F18: Camshaft | G18: عمود الكامات | H18: 凸轮轴 | L18: Universal | M18: Cylinder Head | N18: رأس الأسطوانات | O18: 气缸盖 | P18: 60 | Q18: 10 | R18: 10 | S18: 3 | T18: Combustion engine (petrol, diesel, hybrid, range extender) | V18: Estimate: item-specific
A19: ENG | B19: Engine | C19: المحرك | D19: 发动机 | E19: ENG-018 | F19: Camshaft Bearing Set | G19: طقم كراسي عمود الكامات | H19: 凸轮轴轴瓦套装 | L19: Universal | M19: Cylinder Head | N19: رأس الأسطوانات | O19: 气缸盖 | P19: 15 | Q19: 10 | R19: 8 | S19: 0.3 | T19: Combustion engine (petrol, diesel, hybrid, range extender) | V19: Estimate: size class S
A20: ENG | B20: Engine | C20: المحرك | D20: 发动机 | E20: ENG-019 | F20: Rocker Arm | G20: ذراع الروكر | H20: 摇臂 | L20: Universal | M20: Cylinder Head | N20: رأس الأسطوانات | O20: 气缸盖 | P20: 10 | Q20: 8 | R20: 6 | S20: 0.1 | T20: Combustion engine (petrol, diesel, hybrid, range extender) | V20: Estimate: size class XS
A21: ENG | B21: Engine | C21: المحرك | D21: 发动机 | E21: ENG-020 | F21: Hydraulic Valve Lifter | G21: رافع صمام هيدروليكي | H21: 液压挺柱 | L21: Universal | M21: Cylinder Head | N21: رأس الأسطوانات | O21: 气缸盖 | P21: 10 | Q21: 8 | R21: 6 | S21: 0.1 | T21: Combustion engine (petrol, diesel, hybrid, range extender) | V21: Estimate: size class XS
A22: ENG | B22: Engine | C22: المحرك | D22: 发动机 | E22: ENG-021 | F22: Intake Valve | G22: صمام السحب | H22: 进气门 | L22: Universal | M22: Cylinder Head | N22: رأس الأسطوانات | O22: 气缸盖 | P22: 10 | Q22: 8 | R22: 6 | S22: 0.1 | T22: Combustion engine (petrol, diesel, hybrid, range extender) | V22: Estimate: size class XS
A23: ENG | B23: Engine | C23: المحرك | D23: 发动机 | E23: ENG-022 | F23: Exhaust Valve | G23: صمام العادم | H23: 排气门 | L23: Universal | M23: Cylinder Head | N23: رأس الأسطوانات | O23: 气缸盖 | P23: 10 | Q23: 8 | R23: 6 | S23: 0.1 | T23: Combustion engine (petrol, diesel, hybrid, range extender) | V23: Estimate: size class XS
A24: ENG | B24: Engine | C24: المحرك | D24: 发动机 | E24: ENG-023 | F24: Valve Spring | G24: زنبرك الصمام | H24: 气门弹簧 | L24: Universal | M24: Cylinder Head | N24: رأس الأسطوانات | O24: 气缸盖 | P24: 10 | Q24: 8 | R24: 6 | S24: 0.1 | T24: Combustion engine (petrol, diesel, hybrid, range extender) | V24: Estimate: size class XS
A25: ENG | B25: Engine | C25: المحرك | D25: 发动机 | E25: ENG-024 | F25: Valve Seal Set | G25: طقم سيل ساق الصمام | H25: 气门油封套装 | L25: Universal | M25: Cylinder Head | N25: رأس الأسطوانات | O25: 气缸盖 | P25: 10 | Q25: 8 | R25: 6 | S25: 0.1 | T25: Combustion engine (petrol, diesel, hybrid, range extender) | V25: Estimate: size class XS | W25: Valve Stem Seal Set
A26: ENG | B26: Engine | C26: المحرك | D26: 发动机 | E26: ENG-025 | F26: Valve Guide | G26: دليل الصمام | H26: 气门导管 | L26: Universal | M26: Cylinder Head | N26: رأس الأسطوانات | O26: 气缸盖 | P26: 10 | Q26: 8 | R26: 6 | S26: 0.1 | T26: Combustion engine (petrol, diesel, hybrid, range extender) | V26: Estimate: size class XS
A27: ENG | B27: Engine | C27: المحرك | D27: 发动机 | E27: ENG-026 | F27: Engine Mount | G27: قاعدة المحرك | H27: 发动机脚垫 | L27: Left; Right; Front; Rear | M27: Engine Bay | N27: حجرة المحرك | O27: 发动机舱 | P27: 30 | Q27: 20 | R27: 15 | S27: 1.8 | T27: Combustion engine (petrol, diesel, hybrid, range extender) | V27: Estimate: size class M2 | X27: كرسي المحرك | Y27: 悬置
A28: ENG | B28: Engine | C28: المحرك | D28: 发动机 | E28: ENG-027 | F28: Engine Cover | G28: غطاء المحرك التجميلي | H28: 发动机装饰罩 | L28: Universal | M28: Engine Top | N28: أعلى المحرك | O28: 发动机顶部 | P28: 40 | Q28: 25 | R28: 15 | S28: 3 | T28: Combustion engine (petrol, diesel, hybrid, range extender) | V28: Estimate: size class L
A29: ENG | B29: Engine | C29: المحرك | D29: 发动机 | E29: ENG-028 | F29: Engine Under Shield | G29: درع حماية أسفل المحرك | H29: 发动机下护板 | L29: Universal | M29: Underbody | N29: أسفل الهيكل | O29: 底盘下部 | P29: 70 | Q29: 40 | R29: 25 | S29: 9 | T29: Combustion engine (petrol, diesel, hybrid, range extender) | V29: Estimate: size class XL
A30: ENG | B30: Engine | C30: المحرك | D30: 发动机 | E30: ENG-029 | F30: Balance Shaft | G30: عمود الاتزان | H30: 平衡轴 | L30: Universal | M30: Engine Block | N30: كتلة المحرك | O30: 缸体 | P30: 45 | Q30: 10 | R30: 10 | S30: 3 | T30: Combustion engine (petrol, diesel, hybrid, range extender) | V30: Estimate: item-specific
A31: ENG | B31: Engine | C31: المحرك | D31: 发动机 | E31: ENG-030 | F31: Cylinder Liner | G31: بطانة الأسطوانة | H31: 气缸套 | L31: Universal | M31: Engine Block | N31: كتلة المحرك | O31: 缸体 | P31: 15 | Q31: 10 | R31: 8 | S31: 0.3 | T31: Combustion engine (petrol, diesel, hybrid, range extender) | V31: Estimate: size class S
A32: ENG | B32: Engine | C32: المحرك | D32: 发动机 | E32: ENG-031 | F32: Core Plug Set | G32: طقم سدادات الكور | H32: 缸体堵盖套装 | L32: Universal | M32: Engine Block | N32: كتلة المحرك | O32: 缸体 | P32: 10 | Q32: 8 | R32: 6 | S32: 0.1 | T32: Combustion engine (petrol, diesel, hybrid, range extender) | V32: Estimate: size class XS
A33: ENG | B33: Engine | C33: المحرك | D33: 发动机 | E33: ENG-032 | F33: Engine Gasket Set | G33: طقم جوانات المحرك الكامل | H33: 发动机大修垫片套装 | L33: Universal | M33: Engine Bay | N33: حجرة المحرك | O33: 发动机舱 | P33: 30 | Q33: 20 | R33: 15 | S33: 1.8 | T33: Combustion engine (petrol, diesel, hybrid, range extender) | V33: Estimate: size class M2 | W33: Engine Full Gasket Set
A34: TIM | B34: Timing | C34: التوقيت | D34: 正时 | E34: TIM-001 | F34: Crankshaft Pulley | G34: بكرة عمود المرفق | H34: 曲轴皮带轮 | L34: Universal | M34: Engine Front | N34: مقدمة المحرك | O34: 发动机前端 | P34: 25 | Q34: 15 | R34: 10 | S34: 0.9 | T34: Combustion engine (petrol, diesel, hybrid, range extender) | V34: Estimate: size class M
A35: TIM | B35: Timing | C35: التوقيت | D35: 正时 | E35: TIM-002 | F35: Camshaft Phaser | G35: ضابط توقيت الكامات | H35: 凸轮轴相位器 | L35: Universal | M35: Engine Front | N35: مقدمة المحرك | O35: 发动机前端 | P35: 15 | Q35: 10 | R35: 8 | S35: 0.3 | T35: Combustion engine (petrol, diesel, hybrid, range extender) | V35: Estimate: size class S | W35: VVT | X35: VVT | Y35: VVT
A36: TIM | B36: Timing | C36: التوقيت | D36: 正时 | E36: TIM-003 | F36: VVT Control Solenoid | G36: سولينويد التحكم VVT | H36: VVT控制电磁阀 | L36: Universal | M36: Cylinder Head | N36: رأس الأسطوانات | O36: 气缸盖 | P36: 10 | Q36: 8 | R36: 6 | S36: 0.1 | T36: Combustion engine (petrol, diesel, hybrid, range extender) | V36: Estimate: size class XS
A37: TIM | B37: Timing | C37: التوقيت | D37: 正时 | E37: TIM-004 | F37: Timing Belt | G37: سير التوقيت | H37: 正时皮带 | L37: Universal | M37: Engine Front | N37: مقدمة المحرك | O37: 发动机前端 | P37: 15 | Q37: 10 | R37: 8 | S37: 0.3 | T37: Combustion engine (petrol, diesel, hybrid, range extender) | V37: Estimate: size class S
A38: TIM | B38: Timing | C38: التوقيت | D38: 正时 | E38: TIM-005 | F38: Timing Belt Kit | G38: طقم سير التوقيت | H38: 正时皮带套装 | L38: Universal | M38: Engine Front | N38: مقدمة المحرك | O38: 发动机前端 | P38: 25 | Q38: 15 | R38: 10 | S38: 0.9 | T38: Combustion engine (petrol, diesel, hybrid, range extender) | V38: Estimate: size class M
A39: TIM | B39: Timing | C39: التوقيت | D39: 正时 | E39: TIM-006 | F39: Timing Chain | G39: جنزير التوقيت | H39: 正时链条 | L39: Universal | M39: Engine Front | N39: مقدمة المحرك | O39: 发动机前端 | P39: 15 | Q39: 10 | R39: 8 | S39: 0.3 | T39: Combustion engine (petrol, diesel, hybrid, range extender) | V39: Estimate: size class S
A40: TIM | B40: Timing | C40: التوقيت | D40: 正时 | E40: TIM-007 | F40: Timing Chain Kit | G40: طقم جنزير التوقيت | H40: 正时链条套装 | L40: Universal | M40: Engine Front | N40: مقدمة المحرك | O40: 发动机前端 | P40: 25 | Q40: 15 | R40: 10 | S40: 0.9 | T40: Combustion engine (petrol, diesel, hybrid, range extender) | V40: Estimate: size class M
A41: TIM | B41: Timing | C41: التوقيت | D41: 正时 | E41: TIM-008 | F41: Timing Chain Tensioner | G41: مشد جنزير التوقيت | H41: 正时链条张紧器 | L41: Universal | M41: Engine Front | N41: مقدمة المحرك | O41: 发动机前端 | P41: 10 | Q41: 8 | R41: 6 | S41: 0.1 | T41: Combustion engine (petrol, diesel, hybrid, range extender) | V41: Estimate: size class XS
A42: TIM | B42: Timing | C42: التوقيت | D42: 正时 | E42: TIM-009 | F42: Timing Chain Guide | G42: دليل جنزير التوقيت | H42: 正时链条导轨 | L42: Universal | M42: Engine Front | N42: مقدمة المحرك | O42: 发动机前端 | P42: 10 | Q42: 8 | R42: 6 | S42: 0.1 | T42: Combustion engine (petrol, diesel, hybrid, range extender) | V42: Estimate: size class XS
A43: TIM | B43: Timing | C43: التوقيت | D43: 正时 | E43: TIM-010 | F43: Timing Belt Tensioner | G43: مشد سير التوقيت | H43: 正时皮带张紧轮 | L43: Universal | M43: Engine Front | N43: مقدمة المحرك | O43: 发动机前端 | P43: 10 | Q43: 8 | R43: 6 | S43: 0.1 | T43: Combustion engine (petrol, diesel, hybrid, range extender) | V43: Estimate: size class XS
A44: TIM | B44: Timing | C44: التوقيت | D44: 正时 | E44: TIM-011 | F44: Timing Cover | G44: غطاء التوقيت | H44: 正时盖 | L44: Universal | M44: Engine Front | N44: مقدمة المحرك | O44: 发动机前端 | P44: 40 | Q44: 25 | R44: 15 | S44: 3 | T44: Combustion engine (petrol, diesel, hybrid, range extender) | V44: Estimate: size class L
A45: TIM | B45: Timing | C45: التوقيت | D45: 正时 | E45: TIM-012 | F45: Drive Belt | G45: سير المحرك | H45: 发动机附件皮带 | L45: Universal | M45: Engine Front | N45: مقدمة المحرك | O45: 发动机前端 | P45: 15 | Q45: 10 | R45: 8 | S45: 0.3 | T45: Combustion engine (petrol, diesel, hybrid, range extender) | V45: Estimate: size class S | X45: سير الملحقات
A46: TIM | B46: Timing | C46: التوقيت | D46: 正时 | E46: TIM-013 | F46: Drive Belt Tensioner | G46: مشد سير المحرك | H46: 附件皮带张紧器 | L46: Universal | M46: Engine Front | N46: مقدمة المحرك | O46: 发动机前端 | P46: 15 | Q46: 10 | R46: 8 | S46: 0.3 | T46: Combustion engine (petrol, diesel, hybrid, range extender) | V46: Estimate: size class S
A47: TIM | B47: Timing | C47: التوقيت | D47: 正时 | E47: TIM-014 | F47: Idler Pulley | G47: بكرة توجيه السير | H47: 惰轮 | L47: Universal | M47: Engine Front | N47: مقدمة المحرك | O47: 发动机前端 | P47: 10 | Q47: 8 | R47: 6 | S47: 0.1 | T47: Combustion engine (petrol, diesel, hybrid, range extender) | V47: Estimate: size class XS
A48: LUB | B48: Lubrication | C48: التزييت | D48: 润滑 | E48: LUB-001 | F48: Oil Pan | G48: حوض الزيت | H48: 机油底壳 | L48: Universal | M48: Engine Bottom | N48: أسفل المحرك | O48: 发动机底部 | P48: 40 | Q48: 25 | R48: 15 | S48: 3 | T48: Combustion engine (petrol, diesel, hybrid, range extender) | V48: Estimate: size class L
A49: LUB | B49: Lubrication | C49: التزييت | D49: 润滑 | E49: LUB-002 | F49: Oil Pan Gasket | G49: جوان حوض الزيت | H49: 机油底壳垫 | L49: Universal | M49: Engine Bottom | N49: أسفل المحرك | O49: 发动机底部 | P49: 15 | Q49: 10 | R49: 8 | S49: 0.3 | T49: Combustion engine (petrol, diesel, hybrid, range extender) | V49: Estimate: size class S
A50: LUB | B50: Lubrication | C50: التزييت | D50: 润滑 | E50: LUB-003 | F50: Oil Pump | G50: مضخة الزيت | H50: 机油泵 | L50: Universal | M50: Engine Bottom | N50: أسفل المحرك | O50: 发动机底部 | P50: 25 | Q50: 15 | R50: 10 | S50: 0.9 | T50: Combustion engine (petrol, diesel, hybrid, range extender) | V50: Estimate: size class M
A51: LUB | B51: Lubrication | C51: التزييت | D51: 润滑 | E51: LUB-004 | F51: Oil Pickup Tube | G51: ماسورة سحب الزيت | H51: 机油集滤器 | L51: Universal | M51: Engine Bottom | N51: أسفل المحرك | O51: 发动机底部 | P51: 15 | Q51: 10 | R51: 8 | S51: 0.3 | T51: Combustion engine (petrol, diesel, hybrid, range extender) | V51: Estimate: size class S
A52: LUB | B52: Lubrication | C52: التزييت | D52: 润滑 | E52: LUB-005 | F52: Oil Cooler | G52: مبرد الزيت | H52: 机油冷却器 | L52: Universal | M52: Engine Side | N52: جانب المحرك | O52: 发动机侧面 | P52: 25 | Q52: 15 | R52: 10 | S52: 0.9 | T52: Combustion engine (petrol, diesel, hybrid, range extender) | V52: Estimate: size class M
A53: LUB | B53: Lubrication | C53: التزييت | D53: 润滑 | E53: LUB-006 | F53: Oil Filter Housing | G53: قاعدة فلتر الزيت | H53: 机油滤清器座 | L53: Universal | M53: Engine Side | N53: جانب المحرك | O53: 发动机侧面 | P53: 25 | Q53: 15 | R53: 10 | S53: 0.9 | T53: Combustion engine (petrol, diesel, hybrid, range extender) | V53: Estimate: size class M
A54: LUB | B54: Lubrication | C54: التزييت | D54: 润滑 | E54: LUB-007 | F54: Oil Dipstick | G54: عصا قياس الزيت | H54: 机油尺 | L54: Universal | M54: Engine Side | N54: جانب المحرك | O54: 发动机侧面 | P54: 15 | Q54: 10 | R54: 8 | S54: 0.3 | T54: Combustion engine (petrol, diesel, hybrid, range extender) | V54: Estimate: size class S
A55: LUB | B55: Lubrication | C55: التزييت | D55: 润滑 | E55: LUB-008 | F55: Oil Filler Cap | G55: غطاء تعبئة الزيت | H55: 机油加注口盖 | L55: Universal | M55: Engine Top | N55: أعلى المحرك | O55: 发动机顶部 | P55: 10 | Q55: 8 | R55: 6 | S55: 0.1 | T55: Combustion engine (petrol, diesel, hybrid, range extender) | V55: Estimate: size class XS
A56: LUB | B56: Lubrication | C56: التزييت | D56: 润滑 | E56: LUB-009 | F56: Oil Separator | G56: فاصل الزيت والبخار | H56: 油气分离器 | L56: Universal | M56: Engine Top | N56: أعلى المحرك | O56: 发动机顶部 | P56: 25 | Q56: 15 | R56: 10 | S56: 0.9 | T56: Combustion engine (petrol, diesel, hybrid, range extender) | V56: Estimate: size class M
A57: LUB | B57: Lubrication | C57: التزييت | D57: 润滑 | E57: LUB-010 | F57: PCV Valve | G57: صمام تهوية علبة المرفق | H57: 曲轴箱通风阀 | L57: Universal | M57: Engine Top | N57: أعلى المحرك | O57: 发动机顶部 | P57: 10 | Q57: 8 | R57: 6 | S57: 0.1 | T57: Combustion engine (petrol, diesel, hybrid, range extender) | V57: Estimate: size class XS | X57: PCV | Y57: PCV
A58: INT | B58: Intake | C58: السحب | D58: 进气 | E58: INT-001 | F58: Intake Manifold | G58: مشعب السحب | H58: 进气歧管 | L58: Universal | M58: Intake System | N58: نظام السحب | O58: 进气系统 | P58: 50 | Q58: 30 | R58: 20 | S58: 5 | T58: Combustion engine (petrol, diesel, hybrid, range extender) | V58: Estimate: size class L2
A59: INT | B59: Intake | C59: السحب | D59: 进气 | E59: INT-002 | F59: Intake Manifold Gasket | G59: جوان مشعب السحب | H59: 进气歧管垫 | L59: Universal | M59: Intake System | N59: نظام السحب | O59: 进气系统 | P59: 15 | Q59: 10 | R59: 8 | S59: 0.3 | T59: Combustion engine (petrol, diesel, hybrid, range extender) | V59: Estimate: size class S
A60: INT | B60: Intake | C60: السحب | D60: 进气 | E60: INT-003 | F60: Throttle Body | G60: جسم الخانق | H60: 节气门体 | L60: Universal | M60: Intake System | N60: نظام السحب | O60: 进气系统 | P60: 25 | Q60: 15 | R60: 10 | S60: 0.9 | T60: Combustion engine (petrol, diesel, hybrid, range extender) | V60: Estimate: size class M | X60: الثروتل
A61: INT | B61: Intake | C61: السحب | D61: 进气 | E61: INT-004 | F61: Throttle Body Gasket | G61: جوان جسم الخانق | H61: 节气门垫 | L61: Universal | M61: Intake System | N61: نظام السحب | O61: 进气系统 | P61: 10 | Q61: 8 | R61: 6 | S61: 0.1 | T61: Combustion engine (petrol, diesel, hybrid, range extender) | V61: Estimate: size class XS
A62: INT | B62: Intake | C62: السحب | D62: 进气 | E62: INT-005 | F62: Air Intake Hose | G62: خرطوم سحب الهواء | H62: 进气软管 | L62: Universal | M62: Intake System | N62: نظام السحب | O62: 进气系统 | P62: 25 | Q62: 15 | R62: 10 | S62: 0.9 | T62: Combustion engine (petrol, diesel, hybrid, range extender) | V62: Estimate: size class M
A63: INT | B63: Intake | C63: السحب | D63: 进气 | E63: INT-006 | F63: Air Filter Housing | G63: صندوق فلتر الهواء | H63: 空气滤清器壳体 | L63: Universal | M63: Intake System | N63: نظام السحب | O63: 进气系统 | P63: 40 | Q63: 25 | R63: 15 | S63: 3 | T63: Combustion engine (petrol, diesel, hybrid, range extender) | V63: Estimate: size class L
A64: INT | B64: Intake | C64: السحب | D64: 进气 | E64: INT-007 | F64: Air Intake Resonator | G64: رنان السحب | H64: 进气谐振腔 | L64: Universal | M64: Intake System | N64: نظام السحب | O64: 进气系统 | P64: 30 | Q64: 20 | R64: 15 | S64: 1.8 | T64: Combustion engine (petrol, diesel, hybrid, range extender) | V64: Estimate: size class M2
A65: INT | B65: Intake | C65: السحب | D65: 进气 | E65: INT-008 | F65: Idle Control Valve | G65: صمام التحكم بالهواء الخامل | H65: 怠速控制阀 | L65: Universal | M65: Intake System | N65: نظام السحب | O65: 进气系统 | P65: 15 | Q65: 10 | R65: 8 | S65: 0.3 | T65: Combustion engine (petrol, diesel, hybrid, range extender) | V65: Estimate: size class S | W65: Idle Air Control Valve
A66: INT | B66: Intake | C66: السحب | D66: 进气 | E66: INT-009 | F66: Vacuum Pump | G66: مضخة التفريغ | H66: 真空泵 | L66: Universal | M66: Engine Side | N66: جانب المحرك | O66: 发动机侧面 | P66: 25 | Q66: 15 | R66: 10 | S66: 0.9 | T66: Combustion engine (petrol, diesel, hybrid, range extender) | V66: Estimate: size class M
A67: INT | B67: Intake | C67: السحب | D67: 进气 | E67: INT-010 | F67: Vacuum Hose Set | G67: طقم خراطيم التفريغ | H67: 真空软管套装 | L67: Universal | M67: Engine Bay | N67: حجرة المحرك | O67: 发动机舱 | P67: 15 | Q67: 10 | R67: 8 | S67: 0.3 | T67: Combustion engine (petrol, diesel, hybrid, range extender) | V67: Estimate: size class S
A68: TRB | B68: Turbo | C68: التيربو | D68: 涡轮 | E68: TRB-001 | F68: Turbocharger | G68: تيربو | H68: 涡轮增压器 | L68: Universal | M68: Turbocharger Area | N68: منطقة التيربو | O68: 涡轮增压区域 | P68: 35 | Q68: 30 | R68: 30 | S68: 8 | T68: Combustion engine (petrol, diesel, hybrid, range extender) | V68: Estimate: item-specific | X68: شاحن توربيني
A69: TRB | B69: Turbo | C69: التيربو | D69: 涡轮 | E69: TRB-002 | F69: Turbocharger Gasket Kit | G69: طقم جوانات التيربو | H69: 涡轮增压器垫片套装 | L69: Universal | M69: Turbocharger Area | N69: منطقة التيربو | O69: 涡轮增压区域 | P69: 15 | Q69: 10 | R69: 8 | S69: 0.3 | T69: Combustion engine (petrol, diesel, hybrid, range extender) | V69: Estimate: size class S
A70: TRB | B70: Turbo | C70: التيربو | D70: 涡轮 | E70: TRB-003 | F70: Turbo Oil Line | G70: خط تغذية زيت التيربو | H70: 涡轮进油管 | L70: Universal | M70: Turbocharger Area | N70: منطقة التيربو | O70: 涡轮增压区域 | P70: 15 | Q70: 10 | R70: 8 | S70: 0.3 | T70: Combustion engine (petrol, diesel, hybrid, range extender) | V70: Estimate: size class S | W70: Turbo Oil Feed Line
A71: TRB | B71: Turbo | C71: التيربو | D71: 涡轮 | E71: TRB-004 | F71: Turbo Return Pipe | G71: ماسورة رجوع زيت التيربو | H71: 涡轮回油管 | L71: Universal | M71: Turbocharger Area | N71: منطقة التيربو | O71: 涡轮增压区域 | P71: 15 | Q71: 10 | R71: 8 | S71: 0.3 | T71: Combustion engine (petrol, diesel, hybrid, range extender) | V71: Estimate: size class S | W71: Turbo Oil Return Pipe
A72: TRB | B72: Turbo | C72: التيربو | D72: 涡轮 | E72: TRB-005 | F72: Turbo Wastegate Actuator | G72: مشغل الوستجيت | H72: 涡轮废气旁通阀执行器 | L72: Universal | M72: Turbocharger Area | N72: منطقة التيربو | O72: 涡轮增压区域 | P72: 15 | Q72: 10 | R72: 8 | S72: 0.3 | T72: Combustion engine (petrol, diesel, hybrid, range extender) | V72: Estimate: size class S
A73: TRB | B73: Turbo | C73: التيربو | D73: 涡轮 | E73: TRB-006 | F73: Turbo Boost Pipe | G73: ماسورة ضغط التيربو | H73: 增压管 | L73: Universal | M73: Turbocharger Area | N73: منطقة التيربو | O73: 涡轮增压区域 | P73: 25 | Q73: 15 | R73: 10 | S73: 0.9 | T73: Combustion engine (petrol, diesel, hybrid, range extender) | V73: Estimate: size class M
A74: TRB | B74: Turbo | C74: التيربو | D74: 涡轮 | E74: TRB-007 | F74: Intercooler | G74: مبرد الهواء | H74: 中冷器 | L74: Universal | M74: Radiator Area | N74: منطقة الرديتر | O74: 散热器区域 | P74: 60 | Q74: 30 | R74: 15 | S74: 4 | T74: Combustion engine (petrol, diesel, hybrid, range extender) | V74: Estimate: item-specific | X74: إنتركولر
A75: TRB | B75: Turbo | C75: التيربو | D75: 涡轮 | E75: TRB-008 | F75: Intercooler Hose | G75: خرطوم الإنتركولر | H75: 中冷器软管 | L75: Universal | M75: Radiator Area | N75: منطقة الرديتر | O75: 散热器区域 | P75: 25 | Q75: 15 | R75: 10 | S75: 0.9 | T75: Combustion engine (petrol, diesel, hybrid, range extender) | V75: Estimate: size class M
A76: TRB | B76: Turbo | C76: التيربو | D76: 涡轮 | E76: TRB-009 | F76: Blow-Off Valve | G76: صمام التفريغ | H76: 泄压阀 | L76: Universal | M76: Turbocharger Area | N76: منطقة التيربو | O76: 涡轮增压区域 | P76: 15 | Q76: 10 | R76: 8 | S76: 0.3 | T76: Combustion engine (petrol, diesel, hybrid, range extender) | V76: Estimate: size class S | X76: بلو أوف
A77: TRB | B77: Turbo | C77: التيربو | D77: 涡轮 | E77: TRB-010 | F77: Supercharger | G77: شاحن ميكانيكي | H77: 机械增压器 | L77: Universal | M77: Intake System | N77: نظام السحب | O77: 进气系统 | P77: 50 | Q77: 30 | R77: 20 | S77: 5 | T77: Combustion engine (petrol, diesel, hybrid, range extender) | V77: Estimate: size class L2 | X77: سوبر تشارجر
A78: FUE | B78: Fuel | C78: الوقود | D78: 燃油 | E78: FUE-001 | F78: In-Tank Fuel Pump | G78: مضخة الوقود | H78: 油箱内燃油泵 | L78: Universal | M78: Fuel Tank | N78: خزان الوقود | O78: 油箱 | P78: 25 | Q78: 15 | R78: 10 | S78: 0.9 | T78: Combustion engine (petrol, diesel, hybrid, range extender) | V78: Estimate: size class M | X78: داخل الخزان
A79: FUE | B79: Fuel | C79: الوقود | D79: 燃油 | E79: FUE-002 | F79: Fuel Pump Module | G79: مجموعة مضخة الوقود | H79: 燃油泵总成 | L79: Universal | M79: Fuel Tank | N79: خزان الوقود | O79: 油箱 | P79: 40 | Q79: 25 | R79: 15 | S79: 3 | T79: Combustion engine (petrol, diesel, hybrid, range extender) | V79: Estimate: size class L | W79: Fuel Pump Module Assembly
A80: FUE | B80: Fuel | C80: الوقود | D80: 燃油 | E80: FUE-003 | F80: High-Pressure Fuel Pump | G80: مضخة الوقود عالية الضغط | H80: 高压燃油泵 | L80: Universal | M80: Engine Top | N80: أعلى المحرك | O80: 发动机顶部 | P80: 25 | Q80: 15 | R80: 10 | S80: 0.9 | T80: Combustion engine (petrol, diesel, hybrid, range extender) | V80: Estimate: size class M
A81: FUE | B81: Fuel | C81: الوقود | D81: 燃油 | E81: FUE-004 | F81: Fuel Injector | G81: بخاخ الوقود | H81: 喷油嘴 | L81: Universal | M81: Engine Top | N81: أعلى المحرك | O81: 发动机顶部 | P81: 10 | Q81: 8 | R81: 6 | S81: 0.1 | T81: Combustion engine (petrol, diesel, hybrid, range extender) | V81: Estimate: size class XS | X81: إنجكتر
A82: FUE | B82: Fuel | C82: الوقود | D82: 燃油 | E82: FUE-005 | F82: Fuel Injector Set | G82: طقم بخاخات الوقود | H82: 喷油嘴套装 | L82: Universal | M82: Engine Top | N82: أعلى المحرك | O82: 发动机顶部 | P82: 25 | Q82: 15 | R82: 10 | S82: 0.9 | T82: Combustion engine (petrol, diesel, hybrid, range extender) | V82: Estimate: size class M
A83: FUE | B83: Fuel | C83: الوقود | D83: 燃油 | E83: FUE-006 | F83: Injector Seal Kit | G83: طقم سيلات البخاخات | H83: 喷油嘴密封件套装 | L83: Universal | M83: Engine Top | N83: أعلى المحرك | O83: 发动机顶部 | P83: 10 | Q83: 8 | R83: 6 | S83: 0.1 | T83: Combustion engine (petrol, diesel, hybrid, range extender) | V83: Estimate: size class XS | W83: Fuel Injector Seal Kit
A84: FUE | B84: Fuel | C84: الوقود | D84: 燃油 | E84: FUE-007 | F84: Fuel Rail | G84: سكة الوقود | H84: 燃油分配管 | L84: Universal | M84: Engine Top | N84: أعلى المحرك | O84: 发动机顶部 | P84: 30 | Q84: 20 | R84: 15 | S84: 1.8 | T84: Combustion engine (petrol, diesel, hybrid, range extender) | V84: Estimate: size class M2 | Y84: 油轨
A85: FUE | B85: Fuel | C85: الوقود | D85: 燃油 | E85: FUE-008 | F85: Fuel Pressure Regulator | G85: منظم ضغط الوقود | H85: 燃油压力调节器 | L85: Universal | M85: Fuel System | N85: نظام الوقود | O85: 燃油系统 | P85: 15 | Q85: 10 | R85: 8 | S85: 0.3 | T85: Combustion engine (petrol, diesel, hybrid, range extender) | V85: Estimate: size class S
A86: FUE | B86: Fuel | C86: الوقود | D86: 燃油 | E86: FUE-009 | F86: Fuel Tank | G86: خزان الوقود | H86: 油箱 | L86: Universal | M86: Fuel Tank | N86: خزان الوقود | O86: 油箱 | P86: 90 | Q86: 60 | R86: 25 | S86: 9 | T86: Combustion engine (petrol, diesel, hybrid, range extender) | V86: Estimate: item-specific
A87: FUE | B87: Fuel | C87: الوقود | D87: 燃油 | E87: FUE-010 | F87: Filler Neck | G87: رقبة تعبئة الوقود | H87: 加油管 | L87: Universal | M87: Fuel Tank | N87: خزان الوقود | O87: 油箱 | P87: 40 | Q87: 25 | R87: 15 | S87: 3 | T87: Combustion engine (petrol, diesel, hybrid, range extender) | V87: Estimate: size class L | W87: Fuel Tank Filler Neck
A88: FUE | B88: Fuel | C88: الوقود | D88: 燃油 | E88: FUE-011 | F88: Fuel Tank Cap | G88: غطاء خزان الوقود | H88: 油箱盖 | L88: Universal | M88: Fuel Tank | N88: خزان الوقود | O88: 油箱 | P88: 10 | Q88: 8 | R88: 6 | S88: 0.1 | T88: Combustion engine (petrol, diesel, hybrid, range extender) | V88: Estimate: size class XS
A89: FUE | B89: Fuel | C89: الوقود | D89: 燃油 | E89: FUE-012 | F89: Fuel Tank Strap | G89: حزام خزان الوقود | H89: 油箱固定带 | L89: Left; Right | M89: Fuel Tank | N89: خزان الوقود | O89: 油箱 | P89: 25 | Q89: 15 | R89: 10 | S89: 0.9 | T89: Combustion engine (petrol, diesel, hybrid, range extender) | V89: Estimate: size class M
A90: FUE | B90: Fuel | C90: الوقود | D90: 燃油 | E90: FUE-013 | F90: Fuel Level Sender | G90: عوامة مستوى الوقود | H90: 燃油液位传感器 | L90: Universal | M90: Fuel Tank | N90: خزان الوقود | O90: 油箱 | P90: 15 | Q90: 10 | R90: 8 | S90: 0.3 | T90: Combustion engine (petrol, diesel, hybrid, range extender) | V90: Estimate: size class S
A91: FUE | B91: Fuel | C91: الوقود | D91: 燃油 | E91: FUE-014 | F91: Fuel Line | G91: ماسورة الوقود | H91: 燃油管 | L91: Universal | M91: Fuel System | N91: نظام الوقود | O91: 燃油系统 | P91: 25 | Q91: 15 | R91: 10 | S91: 0.9 | T91: Combustion engine (petrol, diesel, hybrid, range extender) | V91: Estimate: size class M
A92: FUE | B92: Fuel | C92: الوقود | D92: 燃油 | E92: FUE-015 | F92: Fuel Hose | G92: خرطوم الوقود | H92: 燃油软管 | L92: Universal | M92: Fuel System | N92: نظام الوقود | O92: 燃油系统 | P92: 15 | Q92: 10 | R92: 8 | S92: 0.3 | T92: Combustion engine (petrol, diesel, hybrid, range extender) | V92: Estimate: size class S
A93: FUE | B93: Fuel | C93: الوقود | D93: 燃油 | E93: FUE-016 | F93: Fuel Line Connector | G93: وصلة سريعة لخط الوقود | H93: 燃油管快速接头 | L93: Universal | M93: Fuel System | N93: نظام الوقود | O93: 燃油系统 | P93: 10 | Q93: 8 | R93: 6 | S93: 0.1 | T93: Combustion engine (petrol, diesel, hybrid, range extender) | V93: Estimate: size class XS | W93: Fuel Line Quick Connector
A94: FUE | B94: Fuel | C94: الوقود | D94: 燃油 | E94: FUE-017 | F94: Fuel Vapor Canister | G94: علبة بخار الوقود | H94: 活性炭罐 | L94: Universal | M94: Fuel System | N94: نظام الوقود | O94: 燃油系统 | P94: 40 | Q94: 25 | R94: 15 | S94: 3 | T94: Combustion engine (petrol, diesel, hybrid, range extender) | V94: Estimate: size class L | X94: كانستر
A95: FUE | B95: Fuel | C95: الوقود | D95: 燃油 | E95: FUE-018 | F95: Canister Purge Valve | G95: صمام تنقية الكانستر | H95: 炭罐电磁阀 | L95: Universal | M95: Fuel System | N95: نظام الوقود | O95: 燃油系统 | P95: 10 | Q95: 8 | R95: 6 | S95: 0.1 | T95: Combustion engine (petrol, diesel, hybrid, range extender) | V95: Estimate: size class XS
A96: FUE | B96: Fuel | C96: الوقود | D96: 燃油 | E96: FUE-019 | F96: Diesel Injection Pump | G96: مضخة حقن الديزل | H96: 柴油喷射泵 | L96: Universal | M96: Engine Side | N96: جانب المحرك | O96: 发动机侧面 | P96: 40 | Q96: 25 | R96: 15 | S96: 3 | T96: Combustion engine (petrol, diesel, hybrid, range extender) | V96: Estimate: size class L
A97: FUE | B97: Fuel | C97: الوقود | D97: 燃油 | E97: FUE-020 | F97: Diesel Glow Plug | G97: شمعة تسخين الديزل | H97: 柴油预热塞 | L97: Universal | M97: Cylinder Head | N97: رأس الأسطوانات | O97: 气缸盖 | P97: 10 | Q97: 8 | R97: 6 | S97: 0.1 | T97: Combustion engine (petrol, diesel, hybrid, range extender) | V97: Estimate: size class XS
A98: FUE | B98: Fuel | C98: الوقود | D98: 燃油 | E98: FUE-021 | F98: Carburetor | G98: كاربوريتر | H98: 化油器 | L98: Universal | M98: Intake System | N98: نظام السحب | O98: 进气系统 | P98: 30 | Q98: 20 | R98: 15 | S98: 1.8 | T98: Combustion engine (petrol, diesel, hybrid, range extender) | V98: Estimate: size class M2
A99: FUE | B99: Fuel | C99: الوقود | D99: 燃油 | E99: FUE-022 | F99: Carburetor Rebuild Kit | G99: طقم إصلاح الكاربوريتر | H99: 化油器修理包 | L99: Universal | M99: Intake System | N99: نظام السحب | O99: 进气系统 | P99: 15 | Q99: 10 | R99: 8 | S99: 0.3 | T99: Combustion engine (petrol, diesel, hybrid, range extender) | V99: Estimate: size class S
A100: EXH | B100: Exhaust | C100: العادم | D100: 排气 | E100: EXH-001 | F100: Exhaust Manifold | G100: مشعب العادم | H100: 排气歧管 | L100: Universal | M100: Engine Side | N100: جانب المحرك | O100: 发动机侧面 | P100: 50 | Q100: 30 | R100: 20 | S100: 5 | T100: Combustion engine (petrol, diesel, hybrid, range extender) | V100: Estimate: size class L2
...

Sheet Categories
A1: Code | B1: Main Category (one word) | C1: Arabic | D1: Chinese | E1: Sub-categories | F1: Part types | G1: Catalog rows
A2: ENG | B2: Engine | C2: المحرك | D2: 发动机 | E2: =SUMPRODUCT(('Part types'!$A$2:$A$737=A2)/COUNTIFS('Part types'!$A$2:$A$737,'Part types'!$A$2:$A$737,'Part types'!$F$2:$F$737,'Part types'!$F$2:$F$737)) -> 32 | F2: =COUNTIF('Part types'!$A:$A,A2) -> 32 | G2: =COUNTIF(Catalog!$AC:$AC,A2) -> 36
A3: TIM | B3: Timing | C3: التوقيت | D3: 正时 | E3: =SUMPRODUCT(('Part types'!$A$2:$A$737=A3)/COUNTIFS('Part types'!$A$2:$A$737,'Part types'!$A$2:$A$737,'Part types'!$F$2:$F$737,'Part types'!$F$2:$F$737)) -> 14 | F3: =COUNTIF('Part types'!$A:$A,A3) -> 14 | G3: =COUNTIF(Catalog!$AC:$AC,A3) -> 14
A4: LUB | B4: Lubrication | C4: التزييت | D4: 润滑 | E4: =SUMPRODUCT(('Part types'!$A$2:$A$737=A4)/COUNTIFS('Part types'!$A$2:$A$737,'Part types'!$A$2:$A$737,'Part types'!$F$2:$F$737,'Part types'!$F$2:$F$737)) -> 10 | F4: =COUNTIF('Part types'!$A:$A,A4) -> 10 | G4: =COUNTIF(Catalog!$AC:$AC,A4) -> 10
A5: INT | B5: Intake | C5: السحب | D5: 进气 | E5: =SUMPRODUCT(('Part types'!$A$2:$A$737=A5)/COUNTIFS('Part types'!$A$2:$A$737,'Part types'!$A$2:$A$737,'Part types'!$F$2:$F$737,'Part types'!$F$2:$F$737)) -> 10 | F5: =COUNTIF('Part types'!$A:$A,A5) -> 10 | G5: =COUNTIF(Catalog!$AC:$AC,A5) -> 10
A6: TRB | B6: Turbo | C6: التيربو | D6: 涡轮 | E6: =SUMPRODUCT(('Part types'!$A$2:$A$737=A6)/COUNTIFS('Part types'!$A$2:$A$737,'Part types'!$A$2:$A$737,'Part types'!$F$2:$F$737,'Part types'!$F$2:$F$737)) -> 10 | F6: =COUNTIF('Part types'!$A:$A,A6) -> 10 | G6: =COUNTIF(Catalog!$AC:$AC,A6) -> 10
A7: FUE | B7: Fuel | C7: الوقود | D7: 燃油 | E7: =SUMPRODUCT(('Part types'!$A$2:$A$737=A7)/COUNTIFS('Part types'!$A$2:$A$737,'Part types'!$A$2:$A$737,'Part types'!$F$2:$F$737,'Part types'!$F$2:$F$737)) -> 22 | F7: =COUNTIF('Part types'!$A:$A,A7) -> 22 | G7: =COUNTIF(Catalog!$AC:$AC,A7) -> 23
A8: EXH | B8: Exhaust | C8: العادم | D8: 排气 | E8: =SUMPRODUCT(('Part types'!$A$2:$A$737=A8)/COUNTIFS('Part types'!$A$2:$A$737,'Part types'!$A$2:$A$737,'Part types'!$F$2:$F$737,'Part types'!$F$2:$F$737)) -> 13 | F8: =COUNTIF('Part types'!$A:$A,A8) -> 13 | G8: =COUNTIF(Catalog!$AC:$AC,A8) -> 14
A9: EMI | B9: Emissions | C9: الانبعاثات | D9: 排放 | E9: =SUMPRODUCT(('Part types'!$A$2:$A$737=A9)/COUNTIFS('Part types'!$A$2:$A$737,'Part types'!$A$2:$A$737,'Part types'!$F$2:$F$737,'Part types'!$F$2:$F$737)) -> 9 | F9: =COUNTIF('Part types'!$A:$A,A9) -> 9 | G9: =COUNTIF(Catalog!$AC:$AC,A9) -> 9
A10: COO | B10: Cooling | C10: التبريد | D10: 冷却 | E10: =SUMPRODUCT(('Part types'!$A$2:$A$737=A10)/COUNTIFS('Part types'!$A$2:$A$737,'Part types'!$A$2:$A$737,'Part types'!$F$2:$F$737,'Part types'!$F$2:$F$737)) -> 21 | F10: =COUNTIF('Part types'!$A:$A,A10) -> 21 | G10: =COUNTIF(Catalog!$AC:$AC,A10) -> 21
A11: FLT | B11: Filters | C11: الفلاتر | D11: 滤清器 | E11: =SUMPRODUCT(('Part types'!$A$2:$A$737=A11)/COUNTIFS('Part types'!$A$2:$A$737,'Part types'!$A$2:$A$737,'Part types'!$F$2:$F$737,'Part types'!$F$2:$F$737)) -> 13 | F11: =COUNTIF('Part types'!$A:$A,A11) -> 13 | G11: =COUNTIF(Catalog!$AC:$AC,A11) -> 13
A12: FLD | B12: Fluids | C12: السوائل | D12: 油液 | E12: =SUMPRODUCT(('Part types'!$A$2:$A$737=A12)/COUNTIFS('Part types'!$A$2:$A$737,'Part types'!$A$2:$A$737,'Part types'!$F$2:$F$737,'Part types'!$F$2:$F$737)) -> 12 | F12: =COUNTIF('Part types'!$A:$A,A12) -> 16 | G12: =COUNTIF(Catalog!$AC:$AC,A12) -> 16
A13: CHM | B13: Chemicals | C13: الكيماويات | D13: 化学品 | E13: =SUMPRODUCT(('Part types'!$A$2:$A$737=A13)/COUNTIFS('Part types'!$A$2:$A$737,'Part types'!$A$2:$A$737,'Part types'!$F$2:$F$737,'Part types'!$F$2:$F$737)) -> 14 | F13: =COUNTIF('Part types'!$A:$A,A13) -> 15 | G13: =COUNTIF(Catalog!$AC:$AC,A13) -> 15
... A63: TOL | B63: Tools | C63: العدد والأدوات | D63: 工具 | E63: =SUMPRODUCT(('Part types'!$A$2:$A$737=A63)/COUNTIFS('Part types'!$A$2:$A$737,'Part types'!$A$2:$A$737,'Part types'!$F$2:$F$737,'Part types'!$F$2:$F$737)) -> 10 | F63: =COUNTIF('Part types'!$A:$A,A63) -> 10 | G63: =COUNTIF(Catalog!$AC:$AC,A63) -> 10
A64: TOTAL | E64: =SUM(E2:E63) -> 731 | F64: =SUM(F2:F63) -> 736 | G64: =SUM(G2:G63) -> 1111

Sheet Positions
A1: Position | B1: Arabic | C1: Chinese | D1: Accepted by the marketplace | E1: Catalog rows
A2: Front | B2: أمامي | C2: 前部 | D2: Yes | E2: =COUNTIF(Catalog!$E:$E,A2) -> 39
A3: Rear | B3: خلفي | C3: 后部 | D3: Yes | E3: =COUNTIF(Catalog!$E:$E,A3) -> 45
A4: Left | B4: يسار | C4: 左侧 | D4: Yes | E4: =COUNTIF(Catalog!$E:$E,A4) -> 60
A5: Right | B5: يمين | C5: 右侧 | D5: Yes | E5: =COUNTIF(Catalog!$E:$E,A5) -> 60
A6: Front-Left | B6: أمامي يسار | C6: 前左 | D6: Yes | E6: =COUNTIF(Catalog!$E:$E,A6) -> 93
A7: Front-Right | B7: أمامي يمين | C7: 前右 | D7: Yes | E7: =COUNTIF(Catalog!$E:$E,A7) -> 93
A8: Rear-Left | B8: خلفي يسار | C8: 后左 | D8: Yes | E8: =COUNTIF(Catalog!$E:$E,A8) -> 94
A9: Rear-Right | B9: خلفي يمين | C9: 后右 | D9: Yes | E9: =COUNTIF(Catalog!$E:$E,A9) -> 94
A10: Universal | B10: عام | C10: 通用 | D10: Yes | E10: =COUNTIF(Catalog!$E:$E,A10) -> 533

Sheet Placements
A1: Placement (where on the vehicle) | B1: Arabic | C1: Chinese | D1: Part types using it
A2: Engine Bay | B2: حجرة المحرك | C2: 发动机舱 | D2: =COUNTIF('Part types'!$M:$M,A2) -> 28
A3: Engine Block | B3: كتلة المحرك | C3: 缸体 | D3: =COUNTIF('Part types'!$M:$M,A3) -> 8
A4: Cylinder Head | B4: رأس الأسطوانات | C4: 气缸盖 | D4: =COUNTIF('Part types'!$M:$M,A4) -> 17
A5: Engine Front | B5: مقدمة المحرك | C5: 发动机前端 | D5: =COUNTIF('Part types'!$M:$M,A5) -> 24
A6: Engine Rear | B6: مؤخرة المحرك | C6: 发动机后端 | D6: =COUNTIF('Part types'!$M:$M,A6) -> 0
A7: Engine Side | B7: جانب المحرك | C7: 发动机侧面 | D7: =COUNTIF('Part types'!$M:$M,A7) -> 18
A8: Engine Top | B8: أعلى المحرك | C8: 发动机顶部 | D8: =COUNTIF('Part types'!$M:$M,A8) -> 15
A9: Engine Bottom | B9: أسفل المحرك | C9: 发动机底部 | D9: =COUNTIF('Part types'!$M:$M,A9) -> 6
A10: Engine Internal | B10: داخل المحرك | C10: 发动机内部 | D10: =COUNTIF('Part types'!$M:$M,A10) -> 7
A11: Intake System | B11: نظام السحب | C11: 进气系统 | D11: =COUNTIF('Part types'!$M:$M,A11) -> 16
A12: Turbocharger Area | B12: منطقة التيربو | C12: 涡轮增压区域 | D12: =COUNTIF('Part types'!$M:$M,A12) -> 7
A13: Exhaust System | B13: نظام العادم | C13: 排气系统 | D13: =COUNTIF('Part types'!$M:$M,A13) -> 20
... A82: Universal Fit | B82: تركيب عام | C82: 通用安装 | D82: =COUNTIF('Part types'!$M:$M,A82) -> 60

Sheet Size scale
A1: Size class | B1: Length (cm) | C1: Width (cm) | D1: Height (cm) | E1: Weight (kg) | F1: Part types using it
A2: T | B2: 6 | C2: 4 | D2: 3 | E2: 0.02 | F2: =COUNTIF('Part types'!$V:$V,"Estimate: size class "&A2) -> 16
A3: XS | B3: 10 | C3: 8 | D3: 6 | E3: 0.1 | F3: =COUNTIF('Part types'!$V:$V,"Estimate: size class "&A3) -> 140
A4: S | B4: 15 | C4: 10 | D4: 8 | E4: 0.3 | F4: =COUNTIF('Part types'!$V:$V,"Estimate: size class "&A4) -> 172
A5: M | B5: 25 | C5: 15 | D5: 10 | E5: 0.9 | F5: =COUNTIF('Part types'!$V:$V,"Estimate: size class "&A5) -> 102
A6: M2 | B6: 30 | C6: 20 | D6: 15 | E6: 1.8 | F6: =COUNTIF('Part types'!$V:$V,"Estimate: size class "&A6) -> 65
A7: L | B7: 40 | C7: 25 | D7: 15 | E7: 3 | F7: =COUNTIF('Part types'!$V:$V,"Estimate: size class "&A7) -> 25
A8: L2 | B8: 50 | C8: 30 | D8: 20 | E8: 5 | F8: =COUNTIF('Part types'!$V:$V,"Estimate: size class "&A8) -> 13
A9: XL | B9: 70 | C9: 40 | D9: 25 | E9: 9 | F9: =COUNTIF('Part types'!$V:$V,"Estimate: size class "&A9) -> 2
A10: XXL | B10: 100 | C10: 60 | D10: 40 | E10: 16 | F10: =COUNTIF('Part types'!$V:$V,"Estimate: size class "&A10) -> 1
A11: XXXL | B11: 160 | C11: 80 | D11: 50 | E11: 25 | F11: =COUNTIF('Part types'!$V:$V,"Estimate: size class "&A11) -> 0
A12: Item-specific | F12: =COUNTIF('Part types'!$V:$V,"Estimate: item-specific") -> 200
A14: ASSUMPTIONS (read this before using the numbers)
A15: 1. Every length, width, height and weight is an ESTIMATE of the PACKED size and weight of a typical part, from the size scale above or, for larger or special parts, an item-specific figure. Nothing was measured.
A16: 2. They are shipping DEFAULTS for planning. Replace an estimate with a measured value (change it once, in 'Part types'); a product's real weight and box should still come from the supplier.
A17: 3. Packed size means the box the part ships in. Fluids are one retail container; sets and kits the packed set.
A18: 4. 'Applies To' and 'Special Shipping' are guides for filtering and carrier checks: confirm dangerous-goods and battery rules with your carrier and the destination country.

Sheet Checks
A1: Check | B1: Result | C1: Expected | D1: Status
A2: Rows in the Catalog | B2: =COUNTA(Catalog!A:A)-1 -> 1111
A3: Part types in the master sheet | B3: =COUNTA('Part types'!E:E)-1 -> 736
A4: NAMING RULE: main categories that are not exactly one word | B4: =SUMPRODUCT(--((LEN(TRIM(SUBSTITUTE(Categories!B2:B63," - "," ")))-LEN(SUBSTITUTE(TRIM(SUBSTITUTE(Categories!B2:B63," - "," "))," ",""))+1)<>1)) -> 0 | C4: 0 | D4: =IF(B4=C4,"PASS","CHECK") -> PASS
A5: NAMING RULE: sub-categories with more than 3 words | B5: =SUMPRODUCT(--((LEN(TRIM(SUBSTITUTE('Part types'!F2:F737," - "," ")))-LEN(SUBSTITUTE(TRIM(SUBSTITUTE('Part types'!F2:F737," - "," "))," ",""))+1)>3)) -> 0 | C5: 0 | D5: =IF(B5=C5,"PASS","CHECK") -> PASS
A6: NAMING RULE: part names with more than 5 words | B6: =SUMPRODUCT(--((LEN(TRIM(SUBSTITUTE(Catalog!D2:D1112," - "," ")))-LEN(SUBSTITUTE(TRIM(SUBSTITUTE(Catalog!D2:D1112," - "," "))," ",""))+1)>5)) -> 0 | C6: 0 | D6: =IF(B6=C6,"PASS","CHECK") -> PASS
A7: NAMING RULE: part names that do not start with their sub-category | B7: =SUMPRODUCT(--(LEFT(Catalog!D2:D1112,LEN(Catalog!C2:C1112))<>Catalog!C2:C1112)) -> 0 | C7: 0 | D7: =IF(B7=C7,"PASS","CHECK") -> PASS
A8: Catalog rows whose part code is not in the master sheet | B8: =COUNTIF(Catalog!AK2:AK1112,0) -> 0 | C8: 0 | D8: =IF(B8=C8,"PASS","CHECK") -> PASS
A9: Duplicate SKUs | B9: =SUMPRODUCT(--(COUNTIF(Catalog!A2:A1112,Catalog!A2:A1112)>1)) -> 0 | C9: 0 | D9: =IF(B9=C9,"PASS","CHECK") -> PASS
A10: Duplicate English part names | B10: =SUMPRODUCT(--(COUNTIF(Catalog!D2:D1112,Catalog!D2:D1112)>1)) -> 0 | C10: 0 | D10: =IF(B10=C10,"PASS","CHECK") -> PASS
A11: Duplicate Arabic part names | B11: =SUMPRODUCT(--(COUNTIF(Catalog!M2:M1112,Catalog!M2:M1112)>1)) -> 0 | C11: 0 | D11: =IF(B11=C11,"PASS","CHECK") -> PASS
A12: Duplicate Chinese part names | B12: =SUMPRODUCT(--(COUNTIF(Catalog!V2:V1112,Catalog!V2:V1112)>1)) -> 0 | C12: 0 | D12: =IF(B12=C12,"PASS","CHECK") -> PASS
A13: Rows with a position the marketplace does not accept | B13: =SUMPRODUCT(--(COUNTIF(Positions!A2:A10,Catalog!E2:E1112)=0)) -> 0 | C13: 0 | D13: =IF(B13=C13,"PASS","CHECK") -> PASS
A14: Rows with a placement that is not in the Placements list | B14: =SUMPRODUCT(--(COUNTIF(Placements!A2:A82,Catalog!F2:F1112)=0)) -> 0 | C14: 0 | D14: =IF(B14=C14,"PASS","CHECK") -> PASS
A15: Rows with a length, width, height or weight that is missing or not above zero | B15: =SUMPRODUCT(--((Catalog!G2:G1112<=0)+(Catalog!H2:H1112<=0)+(Catalog!I2:I1112<=0)+(Catalog!J2:J1112<=0)>0)) -> 0 | C15: 0 | D15: =IF(B15=C15,"PASS","CHECK") -> PASS
A16: Part types missing an Arabic or a Chinese sub-category name | B16: =COUNTBLANK('Part types'!G2:H737) -> 0 | C16: 0 | D16: =IF(B16=C16,"PASS","CHECK") -> PASS
A17: Part types with a weight above 500 kg or a side above 250 cm (typing mistakes) | B17: =SUMPRODUCT(--((('Part types'!S2:S737)>500)+(('Part types'!P2:P737)>250)+(('Part types'!Q2:Q737)>250)+(('Part types'!R2:R737)>250)>0)) -> 0 | C17: 0 | D17: =IF(B17=C17,"PASS","CHECK") -> PASS
